[INFO] [launch]: All log files can be found below /home/developer/.ros/log/2025-09-09-06-29-40-380929-cabot-7-68
[INFO] [launch]: Default logging verbosity is set to INFO
[INFO] [robot_state_publisher-1]: process started with pid [71]
[INFO] [cartographer_node-2]: process started with pid [73]
[INFO] [trajectory_restarter.py-3]: process started with pid [75]
[INFO] [cartographer_occupancy_grid_node-4]: process started with pid [77]
[INFO] [rviz2-5]: process started with pid [79]
[INFO] [fix_filter.py-6]: process started with pid [81]
[INFO] [ublox_converter.py-7]: process started with pid [83]
[INFO] [ros2-8]: process started with pid [85]
[INFO] [tf2_beacons_listener.py-9]: process started with pid [87]
[INFO] [tracked_pose_listener.py-10]: process started with pid [89]
[robot_state_publisher-1] [WARN] [1757399380.662529768] [kdl_parser]: The root link base_footprint has an inertia specified in the URDF, but KDL does not support a root link with an inertia.  As a workaround, you can add an extra dummy link to your URDF.
[cartographer_node-2] [INFO] [1757399380.663028967] [cartographer logger]: I0909 06:29:40.000000    73 configuration_file_resolver.cc:41] Found '/home/developer/mapping_ws/install/mf_localization_mapping/share/mf_localization_mapping/configuration_files/cartographer/cartographer_2d_mapping.lua' for 'cartographer_2d_mapping.lua'.
[cartographer_node-2] [INFO] [1757399380.663675529] [cartographer logger]: I0909 06:29:40.000000    73 configuration_file_resolver.cc:41] Found '/opt/cartographer_ws/install/cartographer/share/cartographer/configuration_files/map_builder.lua' for 'map_builder.lua'.
[cartographer_node-2] [INFO] [1757399380.663705811] [cartographer logger]: I0909 06:29:40.000000    73 configuration_file_resolver.cc:41] Found '/opt/cartographer_ws/install/cartographer/share/cartographer/configuration_files/map_builder.lua' for 'map_builder.lua'.
[cartographer_node-2] [INFO] [1757399380.663747656] [cartographer logger]: I0909 06:29:40.000000    73 configuration_file_resolver.cc:41] Found '/opt/cartographer_ws/install/cartographer/share/cartographer/configuration_files/pose_graph.lua' for 'pose_graph.lua'.
[cartographer_node-2] [INFO] [1757399380.663763525] [cartographer logger]: I0909 06:29:40.000000    73 configuration_file_resolver.cc:41] Found '/opt/cartographer_ws/install/cartographer/share/cartographer/configuration_files/pose_graph.lua' for 'pose_graph.lua'.
[cartographer_node-2] [INFO] [1757399380.663932821] [cartographer logger]: I0909 06:29:40.000000    73 configuration_file_resolver.cc:41] Found '/opt/cartographer_ws/install/cartographer/share/cartographer/configuration_files/trajectory_builder.lua' for 'trajectory_builder.lua'.
[cartographer_node-2] [INFO] [1757399380.663949049] [cartographer logger]: I0909 06:29:40.000000    73 configuration_file_resolver.cc:41] Found '/opt/cartographer_ws/install/cartographer/share/cartographer/configuration_files/trajectory_builder.lua' for 'trajectory_builder.lua'.
[robot_state_publisher-1] [INFO] [1757399380.663897250] [robot_state_publisher]: got segment awl_link
[robot_state_publisher-1] [INFO] [1757399380.663938207] [robot_state_publisher]: got segment awr_link
[robot_state_publisher-1] [INFO] [1757399380.663947699] [robot_state_publisher]: got segment base_control_shift
[robot_state_publisher-1] [INFO] [1757399380.663954752] [robot_state_publisher]: got segment base_footprint
[robot_state_publisher-1] [INFO] [1757399380.663961531] [robot_state_publisher]: got segment base_link
[robot_state_publisher-1] [INFO] [1757399380.663968487] [robot_state_publisher]: got segment button_link
[robot_state_publisher-1] [INFO] [1757399380.663975405] [robot_state_publisher]: got segment camera_link
[robot_state_publisher-1] [INFO] [1757399380.663982185] [robot_state_publisher]: got segment caster2_link
[robot_state_publisher-1] [INFO] [1757399380.663989135] [robot_state_publisher]: got segment caster4_link
[robot_state_publisher-1] [INFO] [1757399380.663995970] [robot_state_publisher]: got segment cover_left_link
[robot_state_publisher-1] [INFO] [1757399380.664002633] [robot_state_publisher]: got segment cover_right_link
[robot_state_publisher-1] [INFO] [1757399380.664009562] [robot_state_publisher]: got segment d455_rs1_bottom_screw_frame
[robot_state_publisher-1] [INFO] [1757399380.664016815] [robot_state_publisher]: got segment d455_rs1_color_frame
[robot_state_publisher-1] [INFO] [1757399380.664024034] [robot_state_publisher]: got segment d455_rs1_color_optical_frame
[robot_state_publisher-1] [INFO] [1757399380.664031173] [robot_state_publisher]: got segment d455_rs1_depth_frame
[robot_state_publisher-1] [INFO] [1757399380.664038302] [robot_state_publisher]: got segment d455_rs1_depth_optical_frame
[robot_state_publisher-1] [INFO] [1757399380.664045484] [robot_state_publisher]: got segment d455_rs1_left_ir_frame
[robot_state_publisher-1] [INFO] [1757399380.664052380] [robot_state_publisher]: got segment d455_rs1_left_ir_optical_frame
[robot_state_publisher-1] [INFO] [1757399380.664059652] [robot_state_publisher]: got segment d455_rs1_link
[robot_state_publisher-1] [INFO] [1757399380.664066713] [robot_state_publisher]: got segment d455_rs1_right_ir_frame
[robot_state_publisher-1] [INFO] [1757399380.664074231] [robot_state_publisher]: got segment d455_rs1_right_ir_optical_frame
[robot_state_publisher-1] [INFO] [1757399380.664081697] [robot_state_publisher]: got segment d455_rs2_bottom_screw_frame
[robot_state_publisher-1] [INFO] [1757399380.664089041] [robot_state_publisher]: got segment d455_rs2_color_frame
[robot_state_publisher-1] [INFO] [1757399380.664095839] [robot_state_publisher]: got segment d455_rs2_color_optical_frame
[robot_state_publisher-1] [INFO] [1757399380.664102698] [robot_state_publisher]: got segment d455_rs2_depth_frame
[robot_state_publisher-1] [INFO] [1757399380.664109803] [robot_state_publisher]: got segment d455_rs2_depth_optical_frame
[robot_state_publisher-1] [INFO] [1757399380.664116839] [robot_state_publisher]: got segment d455_rs2_left_ir_frame
[robot_state_publisher-1] [INFO] [1757399380.664123910] [robot_state_publisher]: got segment d455_rs2_left_ir_optical_frame
[robot_state_publisher-1] [INFO] [1757399380.664131159] [robot_state_publisher]: got segment d455_rs2_link
[robot_state_publisher-1] [INFO] [1757399380.664138555] [robot_state_publisher]: got segment d455_rs2_right_ir_frame
[robot_state_publisher-1] [INFO] [1757399380.664145867] [robot_state_publisher]: got segment d455_rs2_right_ir_optical_frame
[robot_state_publisher-1] [INFO] [1757399380.664153276] [robot_state_publisher]: got segment d455_rs3_bottom_screw_frame
[robot_state_publisher-1] [INFO] [1757399380.664161104] [robot_state_publisher]: got segment d455_rs3_color_frame
[robot_state_publisher-1] [INFO] [1757399380.664169213] [robot_state_publisher]: got segment d455_rs3_color_optical_frame
[robot_state_publisher-1] [INFO] [1757399380.664176635] [robot_state_publisher]: got segment d455_rs3_depth_frame
[robot_state_publisher-1] [INFO] [1757399380.664184122] [robot_state_publisher]: got segment d455_rs3_depth_optical_frame
[robot_state_publisher-1] [INFO] [1757399380.664191563] [robot_state_publisher]: got segment d455_rs3_left_ir_frame
[robot_state_publisher-1] [INFO] [1757399380.664199174] [robot_state_publisher]: got segment d455_rs3_left_ir_optical_frame
[robot_state_publisher-1] [INFO] [1757399380.664206756] [robot_state_publisher]: got segment d455_rs3_link
[robot_state_publisher-1] [INFO] [1757399380.664213968] [robot_state_publisher]: got segment d455_rs3_right_ir_frame
[robot_state_publisher-1] [INFO] [1757399380.664221346] [robot_state_publisher]: got segment d455_rs3_right_ir_optical_frame
[robot_state_publisher-1] [INFO] [1757399380.664228689] [robot_state_publisher]: got segment gps
[robot_state_publisher-1] [INFO] [1757399380.664236136] [robot_state_publisher]: got segment grip_link
[robot_state_publisher-1] [INFO] [1757399380.664243554] [robot_state_publisher]: got segment handle_link
[robot_state_publisher-1] [INFO] [1757399380.664265693] [robot_state_publisher]: got segment imu_frame
[robot_state_publisher-1] [INFO] [1757399380.664273768] [robot_state_publisher]: got segment lidar_base_link
[robot_state_publisher-1] [INFO] [1757399380.664281087] [robot_state_publisher]: got segment lidar_link
[robot_state_publisher-1] [INFO] [1757399380.664288228] [robot_state_publisher]: got segment lidarcover_link
[robot_state_publisher-1] [INFO] [1757399380.664295682] [robot_state_publisher]: got segment livox
[robot_state_publisher-1] [INFO] [1757399380.664303189] [robot_state_publisher]: got segment livox_footprint
[robot_state_publisher-1] [INFO] [1757399380.664310513] [robot_state_publisher]: got segment livox_link
[robot_state_publisher-1] [INFO] [1757399380.664317829] [robot_state_publisher]: got segment rs1_link
[robot_state_publisher-1] [INFO] [1757399380.664325203] [robot_state_publisher]: got segment rs2_link
[robot_state_publisher-1] [INFO] [1757399380.664332527] [robot_state_publisher]: got segment rs3_link
[cartographer_node-2] [INFO] [1757399380.664007959] [cartographer logger]: I0909 06:29:40.000000    73 configuration_file_resolver.cc:41] Found '/opt/cartographer_ws/install/cartographer/share/cartographer/configuration_files/trajectory_builder_2d.lua' for 'trajectory_builder_2d.lua'.
[cartographer_node-2] [INFO] [1757399380.664023519] [cartographer logger]: I0909 06:29:40.000000    73 configuration_file_resolver.cc:41] Found '/opt/cartographer_ws/install/cartographer/share/cartographer/configuration_files/trajectory_builder_2d.lua' for 'trajectory_builder_2d.lua'.
[cartographer_node-2] [INFO] [1757399380.664180465] [cartographer logger]: I0909 06:29:40.000000    73 configuration_file_resolver.cc:41] Found '/opt/cartographer_ws/install/cartographer/share/cartographer/configuration_files/trajectory_builder_3d.lua' for 'trajectory_builder_3d.lua'.
[cartographer_node-2] [INFO] [1757399380.664196737] [cartographer logger]: I0909 06:29:40.000000    73 configuration_file_resolver.cc:41] Found '/opt/cartographer_ws/install/cartographer/share/cartographer/configuration_files/trajectory_builder_3d.lua' for 'trajectory_builder_3d.lua'.
[robot_state_publisher-1] [INFO] [1757399380.664339635] [robot_state_publisher]: got segment vc1_link
[robot_state_publisher-1] [INFO] [1757399380.664347018] [robot_state_publisher]: got segment velodyne
[robot_state_publisher-1] [INFO] [1757399380.664354604] [robot_state_publisher]: got segment velodyne_base_link
[robot_state_publisher-1] [INFO] [1757399380.664361792] [robot_state_publisher]: got segment wc1_link
[rviz2-5] QStandardPaths: XDG_RUNTIME_DIR not set, defaulting to '/tmp/runtime-developer'
[cartographer_node-2] [INFO] [1757399380.673827226] [cartographer logger]: I0909 06:29:40.000000    73 map_builder_bridge.cpp:136] Added trajectory with ID '0'.
[ros2-8] stdin is not a terminal device. Keyboard handling disabled.[INFO] [1757399380.930828152] [rosbag2_storage]: Opened database '/home/developer/post_process/mapping_2025-09-09-05-29-14/mapping_2025-09-09-05-29-14_0.db3' for READ_ONLY.
[ros2-8] [INFO] [1757399380.930888339] [rosbag2_player]: Set rate to 1
[ros2-8] [INFO] [1757399380.937731271] [rosbag2_player]: Adding keyboard callbacks.
[ros2-8] [INFO] [1757399380.938480457] [rosbag2_player]: Press SPACE for Pause/Resume
[ros2-8] [INFO] [1757399380.938492735] [rosbag2_player]: Press CURSOR_RIGHT for Play Next Message
[ros2-8] [INFO] [1757399380.938500943] [rosbag2_player]: Press CURSOR_UP for Increase Rate 10%
[ros2-8] [INFO] [1757399380.938507830] [rosbag2_player]: Press CURSOR_DOWN for Decrease Rate 10%
[ros2-8] [INFO] [1757399380.938563789] [rosbag2_player]: Sleep 10000000000 ns
[rviz2-5] [INFO] [1757399381.158026083] [rviz2]: Stereo is NOT SUPPORTED
[rviz2-5] [INFO] [1757399381.158144764] [rviz2]: OpenGl version: 4.6 (GLSL 4.6)
[rviz2-5] [INFO] [1757399381.187233624] [rviz2]: Stereo is NOT SUPPORTED
[rviz2-5] [WARN] [1757399381.267468792] [rcl.logging_rosout]: Publisher already registered for provided node name. If this is due to multiple nodes with the same name then all logs for that logger name will go out over the existing publisher. As soon as any node with that name is destructed it will unregister the publisher, preventing any further logs for that name from being published on the rosout topic.
[tf2_beacons_listener.py-9] [INFO] [1757399381.559662769] [tf2_beacons_listener]: set /wireless/beacons subscriber.
[tf2_beacons_listener.py-9] [INFO] [1757399381.560397291] [tf2_beacons_listener]: set /wireless/wifi subscriber.
[tf2_beacons_listener.py-9] [INFO] [1757399381.560887509] [tf2_beacons_listener]: set /beacons subscriber.
[tf2_beacons_listener.py-9] [INFO] [1757399381.561318564] [tf2_beacons_listener]: set /esp32/wifi subscriber.
[tf2_beacons_listener.py-9] [INFO] [1757399381.564469704] [tf2_beacons_listener]: TrajectoryRecorder.timer_callback called
[tf2_beacons_listener.py-9] [ERROR] [1757399381.564892955] [tf2_beacons_listener]: LookupTransform Error
[tf2_beacons_listener.py-9] [INFO] [1757399381.565401413] [tf2_beacons_listener]: TrajectoryRecorder.call_trajectory_query.done_callback called.
[tf2_beacons_listener.py-9] [INFO] [1757399381.565630586] [tf2_beacons_listener]: status=cartographer_ros_msgs.msg.StatusResponse(code=0, message='Retrieved 0 trajectory nodes from trajectory 0.')
[tf2_beacons_listener.py-9] [ERROR] [1757399386.582413341] [tf2_beacons_listener]: LookupTransform Error
[tf2_beacons_listener.py-9] [INFO] [1757399390.182935847] [tf2_beacons_listener]: TrajectoryRecorder.timer_callback called
[tf2_beacons_listener.py-9] [INFO] [1757399390.183865974] [tf2_beacons_listener]: TrajectoryRecorder.call_trajectory_query.done_callback called.
[tf2_beacons_listener.py-9] [INFO] [1757399390.184091532] [tf2_beacons_listener]: status=cartographer_ros_msgs.msg.StatusResponse(code=0, message='Retrieved 0 trajectory nodes from trajectory 0.')
[ros2-8] [INFO] [1757399390.938891762] [rosbag2_storage]: Opened database '/home/developer/post_process/mapping_2025-09-09-05-29-14/mapping_2025-09-09-05-29-14_0.db3' for READ_ONLY.
[rviz2-5] [WARN] [1757399390.957077597] [rviz2]: Detected jump back in time. Resetting RViz.
[cartographer_node-2] [WARN] [1757399390.957123491] [cartographer_node]: Detected jump back in time. Clearing TF buffer.
[rviz2-5] [WARN] [1757399390.957156854] [tf2_buffer]: Detected jump back in time. Clearing TF buffer.
[rviz2-5] [WARN] [1757399390.957157345] [tf2_buffer]: Detected jump back in time. Clearing TF buffer.
[tf2_beacons_listener.py-9] [ERROR] [1757399391.582624962] [tf2_beacons_listener]: LookupTransform Error
[cartographer_node-2] [INFO] [1757399393.031785591] [cartographer logger]: I0909 06:29:53.000000    73 ordered_multi_queue.cc:177] All sensor data for trajectory 0 is available starting at '621355970028430000'.
[cartographer_node-2] [WARN] [1757399393.034844018] [cartographer logger]: W0909 06:29:53.000000    73 pose_extrapolator.cc:168] Queue too short for velocity estimation. Queue duration: 0 s
[cartographer_node-2] [WARN] [1757399393.065434964] [cartographer logger]: W0909 06:29:53.000000    73 fixed_ratio_sampler.cc:26] FixedRatioSampler is dropping all data.
[cartographer_node-2] [INFO] [1757399393.065457149] [cartographer logger]: I0909 06:29:53.000000    73 pose_graph_2d.cc:149] Inserted submap (0, 0).
[cartographer_node-2] [INFO] [1757399393.065598781] [cartographer logger]: I0909 06:29:53.000000   120 pose_graph_2d.cc:400] ComputeConstraintsForNode: ComputeConstraint for Node (num_scan_points = 536, average_scan_range = 23.3194, median_scan_range = 19.4795)
[cartographer_node-2] [INFO] [1757399393.065617123] [cartographer logger]: I0909 06:29:53.000000   120 pose_graph_2d.cc:574] Remaining work items in queue: 0
[cartographer_node-2] [INFO] [1757399393.065643529] [cartographer logger]: I0909 06:29:53.000000   120 constraint_builder_2d.cc:297] 0 computations resulted in 0 additional constraints.
[cartographer_node-2] [INFO] [1757399393.065651458] [cartographer logger]: I0909 06:29:53.000000   120 constraint_builder_2d.cc:299] Score histogram:
[cartographer_node-2] Count: 0
[tracked_pose_listener.py-10] [INFO] [1757399393.743681023] [tracked_pose_listener]: tracked_pose messages received at 2.90 Hz (total count=  2). current tracked_pose = [203.533, 'map', -0.007372736894644455, 0.005333445551982382, 0.0, -4.40670753383296e-05, -0.0005283073589545415, -8.648651418852058e-05, 0.9999998557347447]
[tf2_beacons_listener.py-9] [INFO] [1757399393.900056500] [tf2_beacons_listener]: sampling data count = 1
[tf2_beacons_listener.py-9] [INFO] [1757399394.899736653] [tf2_beacons_listener]: sampling data count = 2
[rviz2-5] [INFO] [1757399395.733744508] [rviz2]: Trying to create a map of size 1187 x 1026 using 1 swatches
[cartographer_node-2] [INFO] [1757399395.741342808] [cartographer logger]: I0909 06:29:55.000000    73 collated_trajectory_builder.cc:81] imu rate: 87.55 Hz 1.14e-02 s +/- 4.13e-03 s (pulsed at 88.95% real time)
[cartographer_node-2] [INFO] [1757399395.741363622] [cartographer logger]: I0909 06:29:55.000000    73 collated_trajectory_builder.cc:81] points2 rate: 3.75 Hz 2.67e-01 s +/- 2.19e-01 s (pulsed at 100.03% real time)
[tf2_beacons_listener.py-9] [INFO] [1757399395.899739528] [tf2_beacons_listener]: sampling data count = 3
[tf2_beacons_listener.py-9] [INFO] [1757399396.909645378] [tf2_beacons_listener]: sampling data count = 4
[tf2_beacons_listener.py-9] [INFO] [1757399397.909581872] [tf2_beacons_listener]: sampling data count = 5
[cartographer_node-2] [INFO] [1757399398.433124527] [cartographer logger]: I0909 06:29:58.000000   124 pose_graph_2d.cc:400] ComputeConstraintsForNode: ComputeConstraint for Node (num_scan_points = 542, average_scan_range = 23.3289, median_scan_range = 19.7478)
[tf2_beacons_listener.py-9] [INFO] [1757399399.910016981] [tf2_beacons_listener]: sampling data count = 6
[tf2_beacons_listener.py-9] [INFO] [1757399400.909581845] [tf2_beacons_listener]: sampling data count = 7
[tf2_beacons_listener.py-9] [INFO] [1757399400.958650944] [tf2_beacons_listener]: TrajectoryRecorder.timer_callback called
[tf2_beacons_listener.py-9] [INFO] [1757399400.963719450] [tf2_beacons_listener]: TrajectoryRecorder.call_trajectory_query.done_callback called.
[tf2_beacons_listener.py-9] [INFO] [1757399400.963966672] [tf2_beacons_listener]: status=cartographer_ros_msgs.msg.StatusResponse(code=0, message='Retrieved 2 trajectory nodes from trajectory 0.')
[tf2_beacons_listener.py-9] [INFO] [1757399401.909655364] [tf2_beacons_listener]: sampling data count = 8
[tf2_beacons_listener.py-9] [INFO] [1757399402.909501844] [tf2_beacons_listener]: sampling data count = 9
[cartographer_node-2] [INFO] [1757399403.454418793] [cartographer logger]: I0909 06:30:03.000000   121 pose_graph_2d.cc:400] ComputeConstraintsForNode: ComputeConstraint for Node (num_scan_points = 544, average_scan_range = 23.2995, median_scan_range = 19.739)
[tracked_pose_listener.py-10] [INFO] [1757399403.821627323] [tracked_pose_listener]: tracked_pose messages received at 5.29 Hz (total count=  57). current tracked_pose = [213.623, 'map', -0.02095656652801564, 0.009671900320168602, 0.0, 4.297515277192806e-05, 0.0008704174424157325, -0.0001581351663280129, 0.9999996077598637]
[tf2_beacons_listener.py-9] [INFO] [1757399404.910193672] [tf2_beacons_listener]: sampling data count = 10
[cartographer_node-2] [INFO] [1757399405.554647179] [cartographer logger]: I0909 06:30:05.000000   120 pose_graph_2d.cc:400] ComputeConstraintsForNode: ComputeConstraint for Node (num_scan_points = 559, average_scan_range = 22.755, median_scan_range = 18.7125)
[rviz2-5] [INFO] [1757399405.737135518] [rviz2]: Trying to create a map of size 1187 x 1027 using 1 swatches
[cartographer_node-2] [INFO] [1757399405.866593049] [cartographer logger]: I0909 06:30:05.000000   123 pose_graph_2d.cc:400] ComputeConstraintsForNode: ComputeConstraint for Node (num_scan_points = 553, average_scan_range = 22.4894, median_scan_range = 18.2089)
[tf2_beacons_listener.py-9] [INFO] [1757399405.909483077] [tf2_beacons_listener]: sampling data count = 11
[cartographer_node-2] [INFO] [1757399406.531824540] [cartographer logger]: I0909 06:30:06.000000   124 pose_graph_2d.cc:400] ComputeConstraintsForNode: ComputeConstraint for Node (num_scan_points = 563, average_scan_range = 21.887, median_scan_range = 17.243)
[cartographer_node-2] [INFO] [1757399406.745382706] [cartographer logger]: I0909 06:30:06.000000   120 pose_graph_2d.cc:400] ComputeConstraintsForNode: ComputeConstraint for Node (num_scan_points = 569, average_scan_range = 22.2265, median_scan_range = 17.5154)
[tf2_beacons_listener.py-9] [INFO] [1757399406.909620935] [tf2_beacons_listener]: sampling data count = 12
[cartographer_node-2] [INFO] [1757399406.958683749] [cartographer logger]: I0909 06:30:06.000000   125 pose_graph_2d.cc:400] ComputeConstraintsForNode: ComputeConstraint for Node (num_scan_points = 712, average_scan_range = 20.9726, median_scan_range = 16.041)
[cartographer_node-2] [INFO] [1757399407.144559711] [cartographer logger]: I0909 06:30:07.000000   122 pose_graph_2d.cc:400] ComputeConstraintsForNode: ComputeConstraint for Node (num_scan_points = 562, average_scan_range = 22.4739, median_scan_range = 17.5805)
[cartographer_node-2] [INFO] [1757399407.353480491] [cartographer logger]: I0909 06:30:07.000000   123 pose_graph_2d.cc:400] ComputeConstraintsForNode: ComputeConstraint for Node (num_scan_points = 561, average_scan_range = 22.5615, median_scan_range = 17.8521)
[cartographer_node-2] [INFO] [1757399407.747266008] [cartographer logger]: I0909 06:30:07.000000   124 pose_graph_2d.cc:400] ComputeConstraintsForNode: ComputeConstraint for Node (num_scan_points = 556, average_scan_range = 22.5939, median_scan_range = 17.6941)
[tf2_beacons_listener.py-9] [INFO] [1757399407.909521542] [tf2_beacons_listener]: sampling data count = 13
[cartographer_node-2] [INFO] [1757399407.944437106] [cartographer logger]: I0909 06:30:07.000000   120 pose_graph_2d.cc:400] ComputeConstraintsForNode: ComputeConstraint for Node (num_scan_points = 561, average_scan_range = 22.6428, median_scan_range = 17.7208)
[cartographer_node-2] [INFO] [1757399408.153000924] [cartographer logger]: I0909 06:30:08.000000   125 pose_graph_2d.cc:400] ComputeConstraintsForNode: ComputeConstraint for Node (num_scan_points = 558, average_scan_range = 22.6569, median_scan_range = 17.7911)
[cartographer_node-2] [INFO] [1757399408.854899063] [cartographer logger]: I0909 06:30:08.000000   121 pose_graph_2d.cc:400] ComputeConstraintsForNode: ComputeConstraint for Node (num_scan_points = 549, average_scan_range = 22.9262, median_scan_range = 17.944)
[tf2_beacons_listener.py-9] [INFO] [1757399408.909784199] [tf2_beacons_listener]: sampling data count = 14
[cartographer_node-2] [INFO] [1757399409.033052879] [cartographer logger]: I0909 06:30:09.000000   123 pose_graph_2d.cc:400] ComputeConstraintsForNode: ComputeConstraint for Node (num_scan_points = 532, average_scan_range = 23.0824, median_scan_range = 18.1292)
[cartographer_node-2] [INFO] [1757399409.465184025] [cartographer logger]: I0909 06:30:09.000000   125 pose_graph_2d.cc:400] ComputeConstraintsForNode: ComputeConstraint for Node (num_scan_points = 563, average_scan_range = 24.1238, median_scan_range = 18.5624)
[cartographer_node-2] [INFO] [1757399409.758054569] [cartographer logger]: I0909 06:30:09.000000   120 pose_graph_2d.cc:400] ComputeConstraintsForNode: ComputeConstraint for Node (num_scan_points = 687, average_scan_range = 24.2983, median_scan_range = 18.6317)
[tf2_beacons_listener.py-9] [INFO] [1757399409.909462343] [tf2_beacons_listener]: sampling data count = 15
[cartographer_node-2] [INFO] [1757399409.958804261] [cartographer logger]: I0909 06:30:09.000000   125 pose_graph_2d.cc:400] ComputeConstraintsForNode: ComputeConstraint for Node (num_scan_points = 568, average_scan_range = 25.5749, median_scan_range = 19.9214)
[cartographer_node-2] [INFO] [1757399410.271687506] [cartographer logger]: I0909 06:30:10.000000   121 pose_graph_2d.cc:400] ComputeConstraintsForNode: ComputeConstraint for Node (num_scan_points = 570, average_scan_range = 25.8903, median_scan_range = 20.0034)
[cartographer_node-2] [INFO] [1757399410.556551388] [cartographer logger]: I0909 06:30:10.000000   120 pose_graph_2d.cc:400] ComputeConstraintsForNode: ComputeConstraint for Node (num_scan_points = 560, average_scan_range = 25.9214, median_scan_range = 20.1889)
[rviz2-5] [INFO] [1757399410.737378880] [rviz2]: Trying to create a map of size 1251 x 1027 using 1 swatches
[cartographer_node-2] [INFO] [1757399410.751357909] [cartographer logger]: I0909 06:30:10.000000   125 pose_graph_2d.cc:400] ComputeConstraintsForNode: ComputeConstraint for Node (num_scan_points = 564, average_scan_range = 25.9306, median_scan_range = 20.2396)
[cartographer_node-2] [INFO] [1757399410.810689088] [cartographer logger]: I0909 06:30:10.000000    73 collated_trajectory_builder.cc:81] imu rate: 87.98 Hz 1.14e-02 s +/- 3.87e-03 s (pulsed at 99.94% real time)
[cartographer_node-2] [INFO] [1757399410.810712610] [cartographer logger]: I0909 06:30:10.000000    73 collated_trajectory_builder.cc:81] points2 rate: 6.07 Hz 1.65e-01 s +/- 1.63e-01 s (pulsed at 100.00% real time)
[tf2_beacons_listener.py-9] [INFO] [1757399410.959407052] [tf2_beacons_listener]: TrajectoryRecorder.timer_callback called
[cartographer_node-2] [INFO] [1757399410.959495658] [cartographer logger]: I0909 06:30:10.000000   122 pose_graph_2d.cc:400] ComputeConstraintsForNode: ComputeConstraint for Node (num_scan_points = 558, average_scan_range = 25.8422, median_scan_range = 19.9937)
[tf2_beacons_listener.py-9] [INFO] [1757399410.961057960] [tf2_beacons_listener]: TrajectoryRecorder.call_trajectory_query.done_callback called.
[tf2_beacons_listener.py-9] [INFO] [1757399410.961285080] [tf2_beacons_listener]: status=cartographer_ros_msgs.msg.StatusResponse(code=0, message='Retrieved 22 trajectory nodes from trajectory 0.')
[tf2_beacons_listener.py-9] [INFO] [1757399411.109588333] [tf2_beacons_listener]: dummy fingerprint data created at t=220.932558284, x=5.8455557146225114, y=0.007408162169215986
[cartographer_node-2] [INFO] [1757399411.338350617] [cartographer logger]: I0909 06:30:11.000000   125 pose_graph_2d.cc:400] ComputeConstraintsForNode: ComputeConstraint for Node (num_scan_points = 559, average_scan_range = 25.7379, median_scan_range = 19.9285)
[cartographer_node-2] [INFO] [1757399411.534779888] [cartographer logger]: I0909 06:30:11.000000   122 pose_graph_2d.cc:400] ComputeConstraintsForNode: ComputeConstraint for Node (num_scan_points = 555, average_scan_range = 25.6419, median_scan_range = 20.0041)
[cartographer_node-2] [INFO] [1757399411.761807099] [cartographer logger]: I0909 06:30:11.000000   119 pose_graph_2d.cc:400] ComputeConstraintsForNode: ComputeConstraint for Node (num_scan_points = 556, average_scan_range = 25.5726, median_scan_range = 19.874)
[tf2_beacons_listener.py-9] [INFO] [1757399411.899781761] [tf2_beacons_listener]: sampling data count = 16
[cartographer_node-2] [INFO] [1757399411.971413172] [cartographer logger]: I0909 06:30:11.000000   121 pose_graph_2d.cc:400] ComputeConstraintsForNode: ComputeConstraint for Node (num_scan_points = 554, average_scan_range = 25.5119, median_scan_range = 19.8163)
[cartographer_node-2] [INFO] [1757399412.256661527] [cartographer logger]: I0909 06:30:12.000000   120 pose_graph_2d.cc:400] ComputeConstraintsForNode: ComputeConstraint for Node (num_scan_points = 557, average_scan_range = 25.4949, median_scan_range = 19.897)
[cartographer_node-2] [INFO] [1757399412.675683121] [cartographer logger]: I0909 06:30:12.000000   119 pose_graph_2d.cc:400] ComputeConstraintsForNode: ComputeConstraint for Node (num_scan_points = 554, average_scan_range = 25.3367, median_scan_range = 20.112)
[tf2_beacons_listener.py-9] [INFO] [1757399412.910135229] [tf2_beacons_listener]: sampling data count = 17
[cartographer_node-2] [INFO] [1757399412.994849953] [cartographer logger]: I0909 06:30:12.000000   124 pose_graph_2d.cc:400] ComputeConstraintsForNode: ComputeConstraint for Node (num_scan_points = 558, average_scan_range = 25.5448, median_scan_range = 20.2733)
[cartographer_node-2] [INFO] [1757399413.435954312] [cartographer logger]: I0909 06:30:13.000000   121 pose_graph_2d.cc:400] ComputeConstraintsForNode: ComputeConstraint for Node (num_scan_points = 569, average_scan_range = 25.7616, median_scan_range = 20.5591)
[cartographer_node-2] [INFO] [1757399413.665226269] [cartographer logger]: I0909 06:30:13.000000   119 pose_graph_2d.cc:400] ComputeConstraintsForNode: ComputeConstraint for Node (num_scan_points = 552, average_scan_range = 25.0898, median_scan_range = 20.5061)
[tf2_beacons_listener.py-9] [INFO] [1757399414.109709297] [tf2_beacons_listener]: dummy fingerprint data created at t=223.932646454, x=8.75780893835171, y=0.006960475071752256
[cartographer_node-2] [INFO] [1757399414.256632808] [cartographer logger]: I0909 06:30:14.000000   121 pose_graph_2d.cc:400] ComputeConstraintsForNode: ComputeConstraint for Node (num_scan_points = 549, average_scan_range = 25.0417, median_scan_range = 20.7108)
[tracked_pose_listener.py-10] [INFO] [1757399414.257387110] [tracked_pose_listener]: tracked_pose messages received at 5.90 Hz (total count=  125). current tracked_pose = [224.043, 'map', 9.387989066392429, 0.006882741510570698, 0.0, 4.084146526443516e-05, -0.0018182400371308215, -0.00025348466328184704, 0.9999983140389126]
[cartographer_node-2] [INFO] [1757399414.555671584] [cartographer logger]: I0909 06:30:14.000000   120 pose_graph_2d.cc:400] ComputeConstraintsForNode: ComputeConstraint for Node (num_scan_points = 550, average_scan_range = 24.9459, median_scan_range = 20.9102)
[tf2_beacons_listener.py-9] [INFO] [1757399414.899608048] [tf2_beacons_listener]: sampling data count = 18
[cartographer_node-2] [INFO] [1757399415.358996008] [cartographer logger]: I0909 06:30:15.000000   125 pose_graph_2d.cc:400] ComputeConstraintsForNode: ComputeConstraint for Node (num_scan_points = 655, average_scan_range = 24.9281, median_scan_range = 21.6207)
[cartographer_node-2] [INFO] [1757399415.768540778] [cartographer logger]: I0909 06:30:15.000000   120 pose_graph_2d.cc:400] ComputeConstraintsForNode: ComputeConstraint for Node (num_scan_points = 545, average_scan_range = 24.713, median_scan_range = 21.5901)
[rviz2-5] [INFO] [1757399415.835937701] [rviz2]: Trying to create a map of size 1252 x 1027 using 1 swatches
[tf2_beacons_listener.py-9] [INFO] [1757399415.910520267] [tf2_beacons_listener]: sampling data count = 19
[cartographer_node-2] [INFO] [1757399416.056562200] [cartographer logger]: I0909 06:30:16.000000   123 pose_graph_2d.cc:400] ComputeConstraintsForNode: ComputeConstraint for Node (num_scan_points = 543, average_scan_range = 24.5872, median_scan_range = 21.7908)
[cartographer_node-2] [INFO] [1757399416.534610827] [cartographer logger]: I0909 06:30:16.000000   119 pose_graph_2d.cc:400] ComputeConstraintsForNode: ComputeConstraint for Node (num_scan_points = 536, average_scan_range = 24.5666, median_scan_range = 22.1786)
[tf2_beacons_listener.py-9] [INFO] [1757399416.909840332] [tf2_beacons_listener]: sampling data count = 20
[cartographer_node-2] [INFO] [1757399416.955427638] [cartographer logger]: I0909 06:30:16.000000   121 pose_graph_2d.cc:400] ComputeConstraintsForNode: ComputeConstraint for Node (num_scan_points = 531, average_scan_range = 24.5028, median_scan_range = 22.531)
[cartographer_node-2] [INFO] [1757399417.190080282] [cartographer logger]: I0909 06:30:17.000000   122 pose_graph_2d.cc:400] ComputeConstraintsForNode: ComputeConstraint for Node (num_scan_points = 528, average_scan_range = 24.6471, median_scan_range = 22.7393)
[cartographer_node-2] [INFO] [1757399417.444525339] [cartographer logger]: I0909 06:30:17.000000   123 pose_graph_2d.cc:400] ComputeConstraintsForNode: ComputeConstraint for Node (num_scan_points = 519, average_scan_range = 24.456, median_scan_range = 22.9878)
[cartographer_node-2] [INFO] [1757399417.654882677] [cartographer logger]: I0909 06:30:17.000000   124 pose_graph_2d.cc:400] ComputeConstraintsForNode: ComputeConstraint for Node (num_scan_points = 536, average_scan_range = 25.1451, median_scan_range = 23.2604)
[tf2_beacons_listener.py-9] [INFO] [1757399417.910202905] [tf2_beacons_listener]: sampling data count = 21
[cartographer_node-2] [INFO] [1757399417.954237062] [cartographer logger]: I0909 06:30:17.000000   120 pose_graph_2d.cc:400] ComputeConstraintsForNode: ComputeConstraint for Node (num_scan_points = 493, average_scan_range = 24.355, median_scan_range = 21.7741)
[cartographer_node-2] [INFO] [1757399418.156290472] [cartographer logger]: I0909 06:30:18.000000   125 pose_graph_2d.cc:400] ComputeConstraintsForNode: ComputeConstraint for Node (num_scan_points = 560, average_scan_range = 24.79, median_scan_range = 23.8812)
[cartographer_node-2] [INFO] [1757399418.432920090] [cartographer logger]: I0909 06:30:18.000000   121 pose_graph_2d.cc:400] ComputeConstraintsForNode: ComputeConstraint for Node (num_scan_points = 491, average_scan_range = 24.1985, median_scan_range = 21.7635)
[cartographer_node-2] [INFO] [1757399418.833420408] [cartographer logger]: I0909 06:30:18.000000   123 pose_graph_2d.cc:400] ComputeConstraintsForNode: ComputeConstraint for Node (num_scan_points = 489, average_scan_range = 24.0942, median_scan_range = 21.6399)
[tf2_beacons_listener.py-9] [INFO] [1757399418.910477890] [tf2_beacons_listener]: sampling data count = 22
[cartographer_node-2] [INFO] [1757399419.064981690] [cartographer logger]: I0909 06:30:19.000000   124 pose_graph_2d.cc:400] ComputeConstraintsForNode: ComputeConstraint for Node (num_scan_points = 515, average_scan_range = 24.7998, median_scan_range = 23.3281)
[cartographer_node-2] [INFO] [1757399419.455445119] [cartographer logger]: I0909 06:30:19.000000   123 pose_graph_2d.cc:400] ComputeConstraintsForNode: ComputeConstraint for Node (num_scan_points = 487, average_scan_range = 24.0174, median_scan_range = 21.5737)
[cartographer_node-2] [INFO] [1757399419.663403360] [cartographer logger]: I0909 06:30:19.000000   125 pose_graph_2d.cc:400] ComputeConstraintsForNode: ComputeConstraint for Node (num_scan_points = 487, average_scan_range = 23.8871, median_scan_range = 21.4343)
[cartographer_node-2] [INFO] [1757399420.065879015] [cartographer logger]: I0909 06:30:20.000000   123 pose_graph_2d.cc:400] ComputeConstraintsForNode: ComputeConstraint for Node (num_scan_points = 483, average_scan_range = 23.8372, median_scan_range = 21.3456)
[tf2_beacons_listener.py-9] [INFO] [1757399420.110364471] [tf2_beacons_listener]: dummy fingerprint data created at t=229.933139054, x=15.59729288402147, y=0.002276303240710771
[cartographer_node-2] [INFO] [1757399420.675807258] [cartographer logger]: I0909 06:30:20.000000   125 pose_graph_2d.cc:400] ComputeConstraintsForNode: ComputeConstraint for Node (num_scan_points = 480, average_scan_range = 23.6678, median_scan_range = 21.0659)
[tf2_beacons_listener.py-9] [INFO] [1757399420.910000414] [tf2_beacons_listener]: sampling data count = 23
[cartographer_node-2] [INFO] [1757399420.956629728] [cartographer logger]: I0909 06:30:20.000000   125 pose_graph_2d.cc:400] ComputeConstraintsForNode: ComputeConstraint for Node (num_scan_points = 483, average_scan_range = 23.829, median_scan_range = 21.307)
[tf2_beacons_listener.py-9] [INFO] [1757399420.960127692] [tf2_beacons_listener]: TrajectoryRecorder.timer_callback called
[tf2_beacons_listener.py-9] [INFO] [1757399420.963646841] [tf2_beacons_listener]: TrajectoryRecorder.call_trajectory_query.done_callback called.
[tf2_beacons_listener.py-9] [INFO] [1757399420.963878535] [tf2_beacons_listener]: status=cartographer_ros_msgs.msg.StatusResponse(code=0, message='Retrieved 51 trajectory nodes from trajectory 0.')
[cartographer_node-2] [INFO] [1757399421.153213304] [cartographer logger]: I0909 06:30:21.000000   122 pose_graph_2d.cc:400] ComputeConstraintsForNode: ComputeConstraint for Node (num_scan_points = 477, average_scan_range = 23.5282, median_scan_range = 21.1526)
[cartographer_node-2] [INFO] [1757399421.425046098] [cartographer logger]: I0909 06:30:21.000000   120 pose_graph_2d.cc:400] ComputeConstraintsForNode: ComputeConstraint for Node (num_scan_points = 524, average_scan_range = 24.1825, median_scan_range = 24.4925)
[cartographer_node-2] [INFO] [1757399421.733922526] [cartographer logger]: I0909 06:30:21.000000   124 pose_graph_2d.cc:400] ComputeConstraintsForNode: ComputeConstraint for Node (num_scan_points = 478, average_scan_range = 23.4576, median_scan_range = 21.0288)
[tf2_beacons_listener.py-9] [INFO] [1757399421.910418140] [tf2_beacons_listener]: sampling data count = 24
[cartographer_node-2] [INFO] [1757399422.043959069] [cartographer logger]: I0909 06:30:22.000000   120 pose_graph_2d.cc:400] ComputeConstraintsForNode: ComputeConstraint for Node (num_scan_points = 479, average_scan_range = 23.3154, median_scan_range = 20.935)
[cartographer_node-2] [INFO] [1757399422.243979700] [cartographer logger]: I0909 06:30:22.000000   124 pose_graph_2d.cc:400] ComputeConstraintsForNode: ComputeConstraint for Node (num_scan_points = 477, average_scan_range = 23.3084, median_scan_range = 21.0168)
[cartographer_node-2] [INFO] [1757399422.643217891] [cartographer logger]: I0909 06:30:22.000000   123 pose_graph_2d.cc:400] ComputeConstraintsForNode: ComputeConstraint for Node (num_scan_points = 472, average_scan_range = 23.0924, median_scan_range = 20.8899)
[tf2_beacons_listener.py-9] [INFO] [1757399422.900103375] [tf2_beacons_listener]: sampling data count = 25
[cartographer_node-2] [INFO] [1757399422.965298770] [cartographer logger]: I0909 06:30:22.000000   119 pose_graph_2d.cc:400] ComputeConstraintsForNode: ComputeConstraint for Node (num_scan_points = 472, average_scan_range = 22.9386, median_scan_range = 20.6355)
[cartographer_node-2] [INFO] [1757399423.542970734] [cartographer logger]: I0909 06:30:23.000000   124 pose_graph_2d.cc:400] ComputeConstraintsForNode: ComputeConstraint for Node (num_scan_points = 469, average_scan_range = 22.8311, median_scan_range = 20.6288)
[cartographer_node-2] [INFO] [1757399423.794626336] [cartographer logger]: I0909 06:30:23.000000   124 pose_graph_2d.cc:400] ComputeConstraintsForNode: ComputeConstraint for Node (num_scan_points = 525, average_scan_range = 24.011, median_scan_range = 24.3076)
[tf2_beacons_listener.py-9] [INFO] [1757399423.899894849] [tf2_beacons_listener]: sampling data count = 26
[cartographer_node-2] [INFO] [1757399424.044816547] [cartographer logger]: I0909 06:30:24.000000   122 pose_graph_2d.cc:400] ComputeConstraintsForNode: ComputeConstraint for Node (num_scan_points = 469, average_scan_range = 22.6695, median_scan_range = 20.3737)
[cartographer_node-2] [INFO] [1757399424.265785243] [cartographer logger]: I0909 06:30:24.000000   119 pose_graph_2d.cc:400] ComputeConstraintsForNode: ComputeConstraint for Node (num_scan_points = 468, average_scan_range = 22.6192, median_scan_range = 20.499)
[tracked_pose_listener.py-10] [INFO] [1757399424.266541913] [tracked_pose_listener]: tracked_pose messages received at 5.99 Hz (total count=  187). current tracked_pose = [234.053, 'map', 20.10521578128745, -0.00013872472567885382, 0.0, 3.887174889587113e-05, -0.00023131731180867405, -0.0003100076612466396, 0.9999999244382664]
[cartographer_node-2] [INFO] [1757399424.542499703] [cartographer logger]: I0909 06:30:24.000000   125 pose_graph_2d.cc:400] ComputeConstraintsForNode: ComputeConstraint for Node (num_scan_points = 468, average_scan_range = 22.5335, median_scan_range = 20.2665)
[cartographer_node-2] [INFO] [1757399424.752311659] [cartographer logger]: I0909 06:30:24.000000   123 pose_graph_2d.cc:400] ComputeConstraintsForNode: ComputeConstraint for Node (num_scan_points = 468, average_scan_range = 22.5388, median_scan_range = 20.2464)
[tf2_beacons_listener.py-9] [INFO] [1757399424.899758084] [tf2_beacons_listener]: sampling data count = 27
[cartographer_node-2] [INFO] [1757399425.253413722] [cartographer logger]: I0909 06:30:25.000000   119 pose_graph_2d.cc:400] ComputeConstraintsForNode: ComputeConstraint for Node (num_scan_points = 469, average_scan_range = 22.4505, median_scan_range = 20.0781)
[cartographer_node-2] [INFO] [1757399425.462236436] [cartographer logger]: I0909 06:30:25.000000   121 pose_graph_2d.cc:400] ComputeConstraintsForNode: ComputeConstraint for Node (num_scan_points = 466, average_scan_range = 22.4582, median_scan_range = 20.0106)
[cartographer_node-2] [INFO] [1757399425.743971063] [cartographer logger]: I0909 06:30:25.000000   123 pose_graph_2d.cc:400] ComputeConstraintsForNode: ComputeConstraint for Node (num_scan_points = 468, average_scan_range = 22.5143, median_scan_range = 20.2931)
[tf2_beacons_listener.py-9] [INFO] [1757399425.899634019] [tf2_beacons_listener]: sampling data count = 28
[cartographer_node-2] [INFO] [1757399425.931233106] [cartographer logger]: I0909 06:30:25.000000    73 collated_trajectory_builder.cc:81] imu rate: 87.78 Hz 1.14e-02 s +/- 3.94e-03 s (pulsed at 101.84% real time)
[cartographer_node-2] [INFO] [1757399425.931256801] [cartographer logger]: I0909 06:30:25.000000    73 collated_trajectory_builder.cc:81] points2 rate: 6.53 Hz 1.53e-01 s +/- 1.25e-01 s (pulsed at 100.06% real time)
[cartographer_node-2] [INFO] [1757399425.953194912] [cartographer logger]: I0909 06:30:25.000000   124 pose_graph_2d.cc:400] ComputeConstraintsForNode: ComputeConstraint for Node (num_scan_points = 466, average_scan_range = 22.4395, median_scan_range = 20.1361)
[cartographer_node-2] [INFO] [1757399426.452969148] [cartographer logger]: I0909 06:30:26.000000   121 pose_graph_2d.cc:400] ComputeConstraintsForNode: ComputeConstraint for Node (num_scan_points = 464, average_scan_range = 22.4754, median_scan_range = 20.0559)
[cartographer_node-2] [INFO] [1757399426.651862440] [cartographer logger]: I0909 06:30:26.000000   120 pose_graph_2d.cc:400] ComputeConstraintsForNode: ComputeConstraint for Node (num_scan_points = 467, average_scan_range = 22.4834, median_scan_range = 20.1434)
[cartographer_node-2] [INFO] [1757399426.862224599] [cartographer logger]: I0909 06:30:26.000000   125 pose_graph_2d.cc:400] ComputeConstraintsForNode: ComputeConstraint for Node (num_scan_points = 467, average_scan_range = 22.5916, median_scan_range = 20.1981)
[tf2_beacons_listener.py-9] [INFO] [1757399426.899872990] [tf2_beacons_listener]: sampling data count = 29
[cartographer_node-2] [INFO] [1757399427.444444266] [cartographer logger]: I0909 06:30:27.000000   120 pose_graph_2d.cc:400] ComputeConstraintsForNode: ComputeConstraint for Node (num_scan_points = 538, average_scan_range = 24.06, median_scan_range = 26.0751)
[cartographer_node-2] [INFO] [1757399427.653174347] [cartographer logger]: I0909 06:30:27.000000   125 pose_graph_2d.cc:400] ComputeConstraintsForNode: ComputeConstraint for Node (num_scan_points = 467, average_scan_range = 22.7956, median_scan_range = 20.5681)
[tf2_beacons_listener.py-9] [INFO] [1757399427.910264516] [tf2_beacons_listener]: sampling data count = 30
[cartographer_node-2] [INFO] [1757399428.242532907] [cartographer logger]: I0909 06:30:28.000000   123 pose_graph_2d.cc:400] ComputeConstraintsForNode: ComputeConstraint for Node (num_scan_points = 466, average_scan_range = 22.9398, median_scan_range = 20.6408)
[cartographer_node-2] [INFO] [1757399428.743770032] [cartographer logger]: I0909 06:30:28.000000   119 pose_graph_2d.cc:400] ComputeConstraintsForNode: ComputeConstraint for Node (num_scan_points = 473, average_scan_range = 23.2135, median_scan_range = 20.7652)
[tf2_beacons_listener.py-9] [INFO] [1757399428.909678967] [tf2_beacons_listener]: sampling data count = 31
[cartographer_node-2] [INFO] [1757399428.956609368] [cartographer logger]: I0909 06:30:28.000000   121 pose_graph_2d.cc:400] ComputeConstraintsForNode: ComputeConstraint for Node (num_scan_points = 472, average_scan_range = 23.2046, median_scan_range = 21.0162)
[cartographer_node-2] [INFO] [1757399429.188096057] [cartographer logger]: I0909 06:30:29.000000   120 pose_graph_2d.cc:400] ComputeConstraintsForNode: ComputeConstraint for Node (num_scan_points = 476, average_scan_range = 23.3201, median_scan_range = 20.8886)
[cartographer_node-2] [INFO] [1757399429.444933275] [cartographer logger]: I0909 06:30:29.000000   121 pose_graph_2d.cc:400] ComputeConstraintsForNode: ComputeConstraint for Node (num_scan_points = 475, average_scan_range = 23.3669, median_scan_range = 20.8088)
[cartographer_node-2] [INFO] [1757399429.643744408] [cartographer logger]: I0909 06:30:29.000000   120 pose_graph_2d.cc:400] ComputeConstraintsForNode: ComputeConstraint for Node (num_scan_points = 476, average_scan_range = 23.3592, median_scan_range = 20.8133)
[cartographer_node-2] [INFO] [1757399429.845112919] [cartographer logger]: I0909 06:30:29.000000   125 pose_graph_2d.cc:400] ComputeConstraintsForNode: ComputeConstraint for Node (num_scan_points = 511, average_scan_range = 24.3963, median_scan_range = 22.9203)
[tf2_beacons_listener.py-9] [INFO] [1757399429.899873527] [tf2_beacons_listener]: sampling data count = 32
[cartographer_node-2] [INFO] [1757399430.453585105] [cartographer logger]: I0909 06:30:30.000000   122 pose_graph_2d.cc:400] ComputeConstraintsForNode: ComputeConstraint for Node (num_scan_points = 480, average_scan_range = 23.5713, median_scan_range = 21.09)
[cartographer_node-2] [INFO] [1757399430.753786798] [cartographer logger]: I0909 06:30:30.000000   124 pose_graph_2d.cc:400] ComputeConstraintsForNode: ComputeConstraint for Node (num_scan_points = 519, average_scan_range = 24.8605, median_scan_range = 23.7424)
[tf2_beacons_listener.py-9] [INFO] [1757399430.909757147] [tf2_beacons_listener]: sampling data count = 33
[tf2_beacons_listener.py-9] [INFO] [1757399430.960773446] [tf2_beacons_listener]: TrajectoryRecorder.timer_callback called
[tf2_beacons_listener.py-9] [INFO] [1757399430.966697382] [tf2_beacons_listener]: TrajectoryRecorder.call_trajectory_query.done_callback called.
[tf2_beacons_listener.py-9] [INFO] [1757399430.966953336] [tf2_beacons_listener]: status=cartographer_ros_msgs.msg.StatusResponse(code=0, message='Retrieved 82 trajectory nodes from trajectory 0.')
[cartographer_node-2] [INFO] [1757399431.065197816] [cartographer logger]: I0909 06:30:31.000000   121 pose_graph_2d.cc:400] ComputeConstraintsForNode: ComputeConstraint for Node (num_scan_points = 482, average_scan_range = 23.7674, median_scan_range = 21.4336)
[cartographer_node-2] [INFO] [1757399431.243749455] [cartographer logger]: I0909 06:30:31.000000   119 pose_graph_2d.cc:400] ComputeConstraintsForNode: ComputeConstraint for Node (num_scan_points = 489, average_scan_range = 23.9881, median_scan_range = 21.5672)
[cartographer_node-2] [INFO] [1757399431.444810768] [cartographer logger]: I0909 06:30:31.000000   121 pose_graph_2d.cc:400] ComputeConstraintsForNode: ComputeConstraint for Node (num_scan_points = 486, average_scan_range = 23.8376, median_scan_range = 21.339)
[cartographer_node-2] [INFO] [1757399431.843630414] [cartographer logger]: I0909 06:30:31.000000   123 pose_graph_2d.cc:400] ComputeConstraintsForNode: ComputeConstraint for Node (num_scan_points = 488, average_scan_range = 23.9173, median_scan_range = 21.5641)
[cartographer_node-2] [INFO] [1757399432.063882021] [cartographer logger]: I0909 06:30:32.000000   124 pose_graph_2d.cc:400] ComputeConstraintsForNode: ComputeConstraint for Node (num_scan_points = 487, average_scan_range = 23.9877, median_scan_range = 21.5716)
[tf2_beacons_listener.py-9] [INFO] [1757399432.086183262] [tf2_beacons_listener]: dummy fingerprint data created at t=241.908981148, x=28.45257049433393, y=-0.007624504127442045
[cartographer_node-2] [INFO] [1757399432.243909265] [cartographer logger]: I0909 06:30:32.000000   122 pose_graph_2d.cc:400] ComputeConstraintsForNode: ComputeConstraint for Node (num_scan_points = 489, average_scan_range = 24.0626, median_scan_range = 21.641)
[cartographer_node-2] [INFO] [1757399432.724252362] [cartographer logger]: I0909 06:30:32.000000   125 pose_graph_2d.cc:400] ComputeConstraintsForNode: ComputeConstraint for Node (num_scan_points = 506, average_scan_range = 24.1402, median_scan_range = 22.2108)
[tf2_beacons_listener.py-9] [INFO] [1757399432.909919758] [tf2_beacons_listener]: sampling data count = 34
[cartographer_node-2] [INFO] [1757399432.945220025] [cartographer logger]: I0909 06:30:32.000000   119 pose_graph_2d.cc:400] ComputeConstraintsForNode: ComputeConstraint for Node (num_scan_points = 512, average_scan_range = 24.1454, median_scan_range = 22.3655)
[cartographer_node-2] [INFO] [1757399433.186421741] [cartographer logger]: I0909 06:30:33.000000    73 pose_graph_2d.cc:149] Inserted submap (0, 1).
[cartographer_node-2] [INFO] [1757399433.186532974] [cartographer logger]: I0909 06:30:33.000000   121 pose_graph_2d.cc:400] ComputeConstraintsForNode: ComputeConstraint for Node (num_scan_points = 515, average_scan_range = 24.1883, median_scan_range = 22.1638)
[cartographer_node-2] [INFO] [1757399433.579076374] [cartographer logger]: I0909 06:30:33.000000   121 pose_graph_2d.cc:400] ComputeConstraintsForNode: ComputeConstraint for Node (num_scan_points = 556, average_scan_range = 25.2551, median_scan_range = 21.9538)
[cartographer_node-2] [INFO] [1757399433.579199997] [cartographer logger]: I0909 06:30:33.000000   121 pose_graph_2d.cc:574] Remaining work items in queue: 0
[cartographer_node-2] [INFO] [1757399433.579233702] [cartographer logger]: I0909 06:30:33.000000   121 constraint_builder_2d.cc:297] 0 computations resulted in 0 additional constraints.
[cartographer_node-2] [INFO] [1757399433.579268203] [cartographer logger]: I0909 06:30:33.000000   121 constraint_builder_2d.cc:299] Score histogram:
[cartographer_node-2] Count: 0
[cartographer_node-2] [INFO] [1757399433.768771720] [cartographer logger]: I0909 06:30:33.000000   122 pose_graph_2d.cc:400] ComputeConstraintsForNode: ComputeConstraint for Node (num_scan_points = 530, average_scan_range = 24.2767, median_scan_range = 21.6219)
[tf2_beacons_listener.py-9] [INFO] [1757399434.086162445] [tf2_beacons_listener]: dummy fingerprint data created at t=243.90916187500002, x=30.274610086184925, y=-0.009418379368878306
[cartographer_node-2] [INFO] [1757399434.480871464] [cartographer logger]: I0909 06:30:34.000000   121 pose_graph_2d.cc:400] ComputeConstraintsForNode: ComputeConstraint for Node (num_scan_points = 552, average_scan_range = 24.3482, median_scan_range = 21.2296)
[tracked_pose_listener.py-10] [INFO] [1757399434.481785190] [tracked_pose_listener]: tracked_pose messages received at 6.04 Hz (total count=  250). current tracked_pose = [244.253, 'map', 31.035833653401877, -0.012652174293533297, 0.0, 3.760248609948155e-05, 0.00027690425598993353, -0.00034889225739860753, 0.9999999000921345]
[cartographer_node-2] [INFO] [1757399434.763480905] [cartographer logger]: I0909 06:30:34.000000   125 pose_graph_2d.cc:400] ComputeConstraintsForNode: ComputeConstraint for Node (num_scan_points = 544, average_scan_range = 24.4381, median_scan_range = 20.9822)
[tf2_beacons_listener.py-9] [INFO] [1757399434.899715925] [tf2_beacons_listener]: sampling data count = 35
[cartographer_node-2] [INFO] [1757399434.963309446] [cartographer logger]: I0909 06:30:34.000000   123 pose_graph_2d.cc:400] ComputeConstraintsForNode: ComputeConstraint for Node (num_scan_points = 547, average_scan_range = 24.6508, median_scan_range = 20.9613)
[cartographer_node-2] [INFO] [1757399435.150526320] [cartographer logger]: I0909 06:30:35.000000   124 pose_graph_2d.cc:400] ComputeConstraintsForNode: ComputeConstraint for Node (num_scan_points = 545, average_scan_range = 24.5028, median_scan_range = 20.7407)
[cartographer_node-2] [INFO] [1757399435.359632721] [cartographer logger]: I0909 06:30:35.000000   119 pose_graph_2d.cc:400] ComputeConstraintsForNode: ComputeConstraint for Node (num_scan_points = 546, average_scan_range = 24.5418, median_scan_range = 20.6955)
[cartographer_node-2] [INFO] [1757399435.671023897] [cartographer logger]: I0909 06:30:35.000000   121 pose_graph_2d.cc:400] ComputeConstraintsForNode: ComputeConstraint for Node (num_scan_points = 548, average_scan_range = 24.5939, median_scan_range = 20.4941)
[rviz2-5] [INFO] [1757399435.733924316] [rviz2]: Trying to create a map of size 1253 x 1028 using 1 swatches
[tf2_beacons_listener.py-9] [INFO] [1757399435.909970838] [tf2_beacons_listener]: sampling data count = 36
[cartographer_node-2] [INFO] [1757399435.993562463] [cartographer logger]: I0909 06:30:35.000000   124 pose_graph_2d.cc:400] ComputeConstraintsForNode: ComputeConstraint for Node (num_scan_points = 548, average_scan_range = 24.7128, median_scan_range = 20.3896)
[cartographer_node-2] [INFO] [1757399436.171847656] [cartographer logger]: I0909 06:30:36.000000   122 pose_graph_2d.cc:400] ComputeConstraintsForNode: ComputeConstraint for Node (num_scan_points = 549, average_scan_range = 24.6788, median_scan_range = 20.318)
[cartographer_node-2] [INFO] [1757399436.462842671] [cartographer logger]: I0909 06:30:36.000000   121 pose_graph_2d.cc:400] ComputeConstraintsForNode: ComputeConstraint for Node (num_scan_points = 549, average_scan_range = 24.7913, median_scan_range = 20.1787)
[cartographer_node-2] [INFO] [1757399436.701864589] [cartographer logger]: I0909 06:30:36.000000   121 pose_graph_2d.cc:400] ComputeConstraintsForNode: ComputeConstraint for Node (num_scan_points = 553, average_scan_range = 24.8699, median_scan_range = 20.0443)
[tf2_beacons_listener.py-9] [INFO] [1757399436.899654364] [tf2_beacons_listener]: sampling data count = 37
[cartographer_node-2] [INFO] [1757399437.180346168] [cartographer logger]: I0909 06:30:37.000000   120 pose_graph_2d.cc:400] ComputeConstraintsForNode: ComputeConstraint for Node (num_scan_points = 552, average_scan_range = 24.9648, median_scan_range = 19.8956)
[cartographer_node-2] [INFO] [1757399437.493850825] [cartographer logger]: I0909 06:30:37.000000   125 pose_graph_2d.cc:400] ComputeConstraintsForNode: ComputeConstraint for Node (num_scan_points = 554, average_scan_range = 25.0164, median_scan_range = 19.8191)
[cartographer_node-2] [INFO] [1757399437.760486859] [cartographer logger]: I0909 06:30:37.000000   125 pose_graph_2d.cc:400] ComputeConstraintsForNode: ComputeConstraint for Node (num_scan_points = 554, average_scan_range = 24.9923, median_scan_range = 19.5773)
[tf2_beacons_listener.py-9] [INFO] [1757399437.899755476] [tf2_beacons_listener]: sampling data count = 38
[cartographer_node-2] [INFO] [1757399438.279865856] [cartographer logger]: I0909 06:30:38.000000   122 pose_graph_2d.cc:400] ComputeConstraintsForNode: ComputeConstraint for Node (num_scan_points = 554, average_scan_range = 25.2192, median_scan_range = 19.5469)
[cartographer_node-2] [INFO] [1757399438.571901512] [cartographer logger]: I0909 06:30:38.000000   124 pose_graph_2d.cc:400] ComputeConstraintsForNode: ComputeConstraint for Node (num_scan_points = 556, average_scan_range = 25.2721, median_scan_range = 19.6663)
[cartographer_node-2] [INFO] [1757399438.852735451] [cartographer logger]: I0909 06:30:38.000000   119 pose_graph_2d.cc:400] ComputeConstraintsForNode: ComputeConstraint for Node (num_scan_points = 559, average_scan_range = 25.303, median_scan_range = 19.6266)
[tf2_beacons_listener.py-9] [INFO] [1757399438.909611648] [tf2_beacons_listener]: sampling data count = 39
[cartographer_node-2] [INFO] [1757399439.070835736] [cartographer logger]: I0909 06:30:39.000000   122 pose_graph_2d.cc:400] ComputeConstraintsForNode: ComputeConstraint for Node (num_scan_points = 558, average_scan_range = 25.4151, median_scan_range = 19.945)
[cartographer_node-2] [INFO] [1757399439.296514591] [cartographer logger]: I0909 06:30:39.000000   121 pose_graph_2d.cc:400] ComputeConstraintsForNode: ComputeConstraint for Node (num_scan_points = 556, average_scan_range = 25.3998, median_scan_range = 19.6758)
[cartographer_node-2] [INFO] [1757399439.597594417] [cartographer logger]: I0909 06:30:39.000000   120 pose_graph_2d.cc:400] ComputeConstraintsForNode: ComputeConstraint for Node (num_scan_points = 583, average_scan_range = 25.3022, median_scan_range = 19.6597)
[cartographer_node-2] [INFO] [1757399439.761140757] [cartographer logger]: I0909 06:30:39.000000   119 pose_graph_2d.cc:400] ComputeConstraintsForNode: ComputeConstraint for Node (num_scan_points = 554, average_scan_range = 25.4424, median_scan_range = 19.8508)
[tf2_beacons_listener.py-9] [INFO] [1757399440.087571092] [tf2_beacons_listener]: dummy fingerprint data created at t=249.90960090800002, x=36.898607163943886, y=-0.01647059760173274
[cartographer_node-2] [INFO] [1757399440.350972931] [cartographer logger]: I0909 06:30:40.000000   125 pose_graph_2d.cc:400] ComputeConstraintsForNode: ComputeConstraint for Node (num_scan_points = 554, average_scan_range = 25.5059, median_scan_range = 19.9625)
[cartographer_node-2] [INFO] [1757399440.605496017] [cartographer logger]: I0909 06:30:40.000000   122 pose_graph_2d.cc:400] ComputeConstraintsForNode: ComputeConstraint for Node (num_scan_points = 580, average_scan_range = 26.636, median_scan_range = 21.0465)
[cartographer_node-2] [INFO] [1757399440.855228937] [cartographer logger]: I0909 06:30:40.000000   123 pose_graph_2d.cc:400] ComputeConstraintsForNode: ComputeConstraint for Node (num_scan_points = 553, average_scan_range = 25.4993, median_scan_range = 19.8527)
[tf2_beacons_listener.py-9] [INFO] [1757399440.899715977] [tf2_beacons_listener]: sampling data count = 40
[cartographer_node-2] [INFO] [1757399440.940823864] [cartographer logger]: I0909 06:30:40.000000    73 collated_trajectory_builder.cc:81] imu rate: 87.56 Hz 1.14e-02 s +/- 4.04e-03 s (pulsed at 99.73% real time)
[cartographer_node-2] [INFO] [1757399440.940851924] [cartographer logger]: I0909 06:30:40.000000    73 collated_trajectory_builder.cc:81] points2 rate: 6.72 Hz 1.49e-01 s +/- 1.25e-01 s (pulsed at 99.93% real time)
[tf2_beacons_listener.py-9] [INFO] [1757399440.961424712] [tf2_beacons_listener]: TrajectoryRecorder.timer_callback called
[tf2_beacons_listener.py-9] [INFO] [1757399440.965875425] [tf2_beacons_listener]: TrajectoryRecorder.call_trajectory_query.done_callback called.
[tf2_beacons_listener.py-9] [INFO] [1757399440.966115076] [tf2_beacons_listener]: status=cartographer_ros_msgs.msg.StatusResponse(code=0, message='Retrieved 116 trajectory nodes from trajectory 0.')
[cartographer_node-2] [INFO] [1757399441.101126984] [cartographer logger]: I0909 06:30:41.000000   124 pose_graph_2d.cc:400] ComputeConstraintsForNode: ComputeConstraint for Node (num_scan_points = 548, average_scan_range = 25.5431, median_scan_range = 20.0875)
[cartographer_node-2] [INFO] [1757399441.572249880] [cartographer logger]: I0909 06:30:41.000000   119 pose_graph_2d.cc:400] ComputeConstraintsForNode: ComputeConstraint for Node (num_scan_points = 566, average_scan_range = 25.124, median_scan_range = 19.5293)
[tf2_beacons_listener.py-9] [INFO] [1757399441.909650256] [tf2_beacons_listener]: sampling data count = 41
[cartographer_node-2] [INFO] [1757399442.060881894] [cartographer logger]: I0909 06:30:42.000000   123 pose_graph_2d.cc:400] ComputeConstraintsForNode: ComputeConstraint for Node (num_scan_points = 558, average_scan_range = 24.7543, median_scan_range = 19.4565)
[cartographer_node-2] [WARN] [1757399442.062067331] [cartographer logger]: W0909 06:30:42.000000    73 sensor_bridge.cpp:311] Ignored Rangefinder message from sensor points2 because sensor time 621355970517430000 is not before last Rangefinder message time 621355970518330000
[cartographer_node-2] [INFO] [1757399442.251259701] [cartographer logger]: I0909 06:30:42.000000   120 pose_graph_2d.cc:400] ComputeConstraintsForNode: ComputeConstraint for Node (num_scan_points = 556, average_scan_range = 24.4129, median_scan_range = 19.234)
[cartographer_node-2] [INFO] [1757399442.459549993] [cartographer logger]: I0909 06:30:42.000000   119 pose_graph_2d.cc:400] ComputeConstraintsForNode: ComputeConstraint for Node (num_scan_points = 548, average_scan_range = 24.1062, median_scan_range = 19.0411)
[cartographer_node-2] [INFO] [1757399442.704776177] [cartographer logger]: I0909 06:30:42.000000   122 pose_graph_2d.cc:400] ComputeConstraintsForNode: ComputeConstraint for Node (num_scan_points = 533, average_scan_range = 23.142, median_scan_range = 18.4932)
[cartographer_node-2] [INFO] [1757399442.862237961] [cartographer logger]: I0909 06:30:42.000000   120 pose_graph_2d.cc:400] ComputeConstraintsForNode: ComputeConstraint for Node (num_scan_points = 670, average_scan_range = 21.793, median_scan_range = 17.1394)
[tf2_beacons_listener.py-9] [INFO] [1757399442.909658475] [tf2_beacons_listener]: sampling data count = 42
[cartographer_node-2] [INFO] [1757399443.076085859] [cartographer logger]: I0909 06:30:43.000000   119 pose_graph_2d.cc:400] ComputeConstraintsForNode: ComputeConstraint for Node (num_scan_points = 536, average_scan_range = 23.0473, median_scan_range = 18.4973)
[cartographer_node-2] [INFO] [1757399443.269514000] [cartographer logger]: I0909 06:30:43.000000   123 pose_graph_2d.cc:400] ComputeConstraintsForNode: ComputeConstraint for Node (num_scan_points = 533, average_scan_range = 23.0718, median_scan_range = 18.6154)
[cartographer_node-2] [INFO] [1757399443.459374574] [cartographer logger]: I0909 06:30:43.000000   124 pose_graph_2d.cc:400] ComputeConstraintsForNode: ComputeConstraint for Node (num_scan_points = 530, average_scan_range = 23.0737, median_scan_range = 18.8183)
[cartographer_node-2] [INFO] [1757399443.653914436] [cartographer logger]: I0909 06:30:43.000000   123 pose_graph_2d.cc:400] ComputeConstraintsForNode: ComputeConstraint for Node (num_scan_points = 538, average_scan_range = 23.0596, median_scan_range = 18.8941)
[tf2_beacons_listener.py-9] [INFO] [1757399443.909660835] [tf2_beacons_listener]: sampling data count = 43
[cartographer_node-2] [INFO] [1757399444.167133472] [cartographer logger]: I0909 06:30:44.000000   123 pose_graph_2d.cc:400] ComputeConstraintsForNode: ComputeConstraint for Node (num_scan_points = 532, average_scan_range = 23.0406, median_scan_range = 19.0754)
[cartographer_node-2] [INFO] [1757399444.460843669] [cartographer logger]: I0909 06:30:44.000000   124 pose_graph_2d.cc:400] ComputeConstraintsForNode: ComputeConstraint for Node (num_scan_points = 530, average_scan_range = 23.0046, median_scan_range = 18.9939)
[tracked_pose_listener.py-10] [INFO] [1757399444.522618321] [tracked_pose_listener]: tracked_pose messages received at 6.39 Hz (total count=  329). current tracked_pose = [254.323, 'map', 41.81355128894909, -0.022316608978426297, 0.0, 3.442165111603047e-05, 0.0013191212754326395, -0.0004161842248797709, 0.9999990427619928]
[cartographer_node-2] [INFO] [1757399444.857994582] [cartographer logger]: I0909 06:30:44.000000   123 pose_graph_2d.cc:400] ComputeConstraintsForNode: ComputeConstraint for Node (num_scan_points = 549, average_scan_range = 22.4149, median_scan_range = 18.476)
[tf2_beacons_listener.py-9] [INFO] [1757399444.909822467] [tf2_beacons_listener]: sampling data count = 44
[cartographer_node-2] [INFO] [1757399445.174608219] [cartographer logger]: I0909 06:30:45.000000   121 pose_graph_2d.cc:400] ComputeConstraintsForNode: ComputeConstraint for Node (num_scan_points = 546, average_scan_range = 22.3443, median_scan_range = 18.2313)
[cartographer_node-2] [INFO] [1757399445.676122729] [cartographer logger]: I0909 06:30:45.000000   124 pose_graph_2d.cc:400] ComputeConstraintsForNode: ComputeConstraint for Node (num_scan_points = 545, average_scan_range = 21.846, median_scan_range = 17.7489)
[cartographer_node-2] [INFO] [1757399446.246804055] [cartographer logger]: I0909 06:30:46.000000   120 pose_graph_2d.cc:400] ComputeConstraintsForNode: ComputeConstraint for Node (num_scan_points = 578, average_scan_range = 20.8089, median_scan_range = 16.5161)
[cartographer_node-2] [INFO] [1757399446.364006848] [cartographer logger]: I0909 06:30:46.000000   123 pose_graph_2d.cc:400] ComputeConstraintsForNode: ComputeConstraint for Node (num_scan_points = 571, average_scan_range = 20.8857, median_scan_range = 16.7175)
[cartographer_node-2] [INFO] [1757399446.494413398] [cartographer logger]: I0909 06:30:46.000000   124 pose_graph_2d.cc:400] ComputeConstraintsForNode: ComputeConstraint for Node (num_scan_points = 577, average_scan_range = 20.2895, median_scan_range = 16.5342)
[cartographer_node-2] [INFO] [1757399446.566791148] [cartographer logger]: I0909 06:30:46.000000   122 pose_graph_2d.cc:400] ComputeConstraintsForNode: ComputeConstraint for Node (num_scan_points = 628, average_scan_range = 20.6998, median_scan_range = 17.2246)
[cartographer_node-2] [INFO] [1757399446.655207042] [cartographer logger]: I0909 06:30:46.000000   125 pose_graph_2d.cc:400] ComputeConstraintsForNode: ComputeConstraint for Node (num_scan_points = 583, average_scan_range = 20.7249, median_scan_range = 16.6652)
[cartographer_node-2] [INFO] [1757399446.748729020] [cartographer logger]: I0909 06:30:46.000000   123 pose_graph_2d.cc:400] ComputeConstraintsForNode: ComputeConstraint for Node (num_scan_points = 593, average_scan_range = 20.9352, median_scan_range = 16.7326)
[cartographer_node-2] [INFO] [1757399446.870605508] [cartographer logger]: I0909 06:30:46.000000   124 pose_graph_2d.cc:400] ComputeConstraintsForNode: ComputeConstraint for Node (num_scan_points = 610, average_scan_range = 20.9771, median_scan_range = 17.1098)
[tf2_beacons_listener.py-9] [INFO] [1757399446.909816085] [tf2_beacons_listener]: sampling data count = 45
[cartographer_node-2] [INFO] [1757399447.157558451] [cartographer logger]: I0909 06:30:47.000000   123 pose_graph_2d.cc:400] ComputeConstraintsForNode: ComputeConstraint for Node (num_scan_points = 617, average_scan_range = 21.1514, median_scan_range = 17.1766)
[cartographer_node-2] [INFO] [1757399447.248891759] [cartographer logger]: I0909 06:30:47.000000   124 pose_graph_2d.cc:400] ComputeConstraintsForNode: ComputeConstraint for Node (num_scan_points = 612, average_scan_range = 21.3105, median_scan_range = 17.1005)
[cartographer_node-2] [INFO] [1757399447.358668726] [cartographer logger]: I0909 06:30:47.000000   122 pose_graph_2d.cc:400] ComputeConstraintsForNode: ComputeConstraint for Node (num_scan_points = 619, average_scan_range = 21.2661, median_scan_range = 17.0358)
[cartographer_node-2] [INFO] [1757399447.437751316] [cartographer logger]: I0909 06:30:47.000000   125 pose_graph_2d.cc:400] ComputeConstraintsForNode: ComputeConstraint for Node (num_scan_points = 583, average_scan_range = 22.1568, median_scan_range = 18.2455)
[cartographer_node-2] [INFO] [1757399447.575837445] [cartographer logger]: I0909 06:30:47.000000   121 pose_graph_2d.cc:400] ComputeConstraintsForNode: ComputeConstraint for Node (num_scan_points = 574, average_scan_range = 22.3729, median_scan_range = 18.3816)
[cartographer_node-2] [INFO] [1757399447.693940259] [cartographer logger]: I0909 06:30:47.000000   119 pose_graph_2d.cc:400] ComputeConstraintsForNode: ComputeConstraint for Node (num_scan_points = 555, average_scan_range = 22.6018, median_scan_range = 18.789)
[cartographer_node-2] [INFO] [1757399447.858279233] [cartographer logger]: I0909 06:30:47.000000   121 pose_graph_2d.cc:400] ComputeConstraintsForNode: ComputeConstraint for Node (num_scan_points = 552, average_scan_range = 22.7472, median_scan_range = 18.764)
[tf2_beacons_listener.py-9] [INFO] [1757399447.909845995] [tf2_beacons_listener]: sampling data count = 46
[cartographer_node-2] [INFO] [1757399447.949825876] [cartographer logger]: I0909 06:30:47.000000   120 pose_graph_2d.cc:400] ComputeConstraintsForNode: ComputeConstraint for Node (num_scan_points = 549, average_scan_range = 22.6583, median_scan_range = 18.7313)
[cartographer_node-2] [INFO] [1757399448.103176988] [cartographer logger]: I0909 06:30:48.000000   123 pose_graph_2d.cc:400] ComputeConstraintsForNode: ComputeConstraint for Node (num_scan_points = 559, average_scan_range = 22.5974, median_scan_range = 18.8438)
[cartographer_node-2] [INFO] [1757399448.166749070] [cartographer logger]: I0909 06:30:48.000000   124 pose_graph_2d.cc:400] ComputeConstraintsForNode: ComputeConstraint for Node (num_scan_points = 561, average_scan_range = 22.631, median_scan_range = 18.7881)
[cartographer_node-2] [INFO] [1757399448.258563106] [cartographer logger]: I0909 06:30:48.000000   122 pose_graph_2d.cc:400] ComputeConstraintsForNode: ComputeConstraint for Node (num_scan_points = 574, average_scan_range = 22.5683, median_scan_range = 18.7016)
[cartographer_node-2] [INFO] [1757399448.355168581] [cartographer logger]: I0909 06:30:48.000000   119 pose_graph_2d.cc:400] ComputeConstraintsForNode: ComputeConstraint for Node (num_scan_points = 570, average_scan_range = 22.638, median_scan_range = 18.6582)
[cartographer_node-2] [INFO] [1757399448.456028173] [cartographer logger]: I0909 06:30:48.000000   121 pose_graph_2d.cc:400] ComputeConstraintsForNode: ComputeConstraint for Node (num_scan_points = 567, average_scan_range = 22.5138, median_scan_range = 18.6101)
[cartographer_node-2] [INFO] [1757399448.550610331] [cartographer logger]: I0909 06:30:48.000000   124 pose_graph_2d.cc:400] ComputeConstraintsForNode: ComputeConstraint for Node (num_scan_points = 582, average_scan_range = 22.3186, median_scan_range = 18.4692)
[cartographer_node-2] [INFO] [1757399448.852393511] [cartographer logger]: I0909 06:30:48.000000   124 pose_graph_2d.cc:400] ComputeConstraintsForNode: ComputeConstraint for Node (num_scan_points = 580, average_scan_range = 21.5393, median_scan_range = 17.3042)
[cartographer_node-2] [INFO] [1757399448.975603342] [cartographer logger]: I0909 06:30:48.000000   122 pose_graph_2d.cc:400] ComputeConstraintsForNode: ComputeConstraint for Node (num_scan_points = 563, average_scan_range = 21.7514, median_scan_range = 17.6486)
[cartographer_node-2] [INFO] [1757399449.056843824] [cartographer logger]: I0909 06:30:49.000000   119 pose_graph_2d.cc:400] ComputeConstraintsForNode: ComputeConstraint for Node (num_scan_points = 567, average_scan_range = 21.4913, median_scan_range = 17.1512)
[cartographer_node-2] [INFO] [1757399449.192381645] [cartographer logger]: I0909 06:30:49.000000   121 pose_graph_2d.cc:400] ComputeConstraintsForNode: ComputeConstraint for Node (num_scan_points = 569, average_scan_range = 21.3877, median_scan_range = 16.9348)
[cartographer_node-2] [INFO] [1757399449.267969427] [cartographer logger]: I0909 06:30:49.000000   125 pose_graph_2d.cc:400] ComputeConstraintsForNode: ComputeConstraint for Node (num_scan_points = 590, average_scan_range = 21.1408, median_scan_range = 16.6132)
[cartographer_node-2] [INFO] [1757399449.350592317] [cartographer logger]: I0909 06:30:49.000000   120 pose_graph_2d.cc:400] ComputeConstraintsForNode: ComputeConstraint for Node (num_scan_points = 598, average_scan_range = 21.0124, median_scan_range = 16.9602)
[cartographer_node-2] [INFO] [1757399449.449179686] [cartographer logger]: I0909 06:30:49.000000   124 pose_graph_2d.cc:400] ComputeConstraintsForNode: ComputeConstraint for Node (num_scan_points = 590, average_scan_range = 21.5753, median_scan_range = 17.4881)
[tf2_beacons_listener.py-9] [INFO] [1757399449.909673520] [tf2_beacons_listener]: sampling data count = 47
[cartographer_node-2] [INFO] [1757399450.067986873] [cartographer logger]: I0909 06:30:50.000000   123 pose_graph_2d.cc:400] ComputeConstraintsForNode: ComputeConstraint for Node (num_scan_points = 553, average_scan_range = 22.454, median_scan_range = 18.4683)
[cartographer_node-2] [INFO] [1757399450.576598330] [cartographer logger]: I0909 06:30:50.000000   121 pose_graph_2d.cc:400] ComputeConstraintsForNode: ComputeConstraint for Node (num_scan_points = 552, average_scan_range = 22.7603, median_scan_range = 18.8553)
[cartographer_node-2] [INFO] [1757399450.658949549] [cartographer logger]: I0909 06:30:50.000000   125 pose_graph_2d.cc:400] ComputeConstraintsForNode: ComputeConstraint for Node (num_scan_points = 561, average_scan_range = 22.7922, median_scan_range = 19.0174)
[cartographer_node-2] [INFO] [1757399450.757704684] [cartographer logger]: I0909 06:30:50.000000   120 pose_graph_2d.cc:400] ComputeConstraintsForNode: ComputeConstraint for Node (num_scan_points = 563, average_scan_range = 22.7012, median_scan_range = 18.8225)
[rviz2-5] [INFO] [1757399450.837388666] [rviz2]: Trying to create a map of size 1256 x 1028 using 1 swatches
[cartographer_node-2] [INFO] [1757399450.847269006] [cartographer logger]: I0909 06:30:50.000000   123 pose_graph_2d.cc:400] ComputeConstraintsForNode: ComputeConstraint for Node (num_scan_points = 571, average_scan_range = 22.6653, median_scan_range = 18.7749)
[tf2_beacons_listener.py-9] [INFO] [1757399450.899580394] [tf2_beacons_listener]: sampling data count = 48
[cartographer_node-2] [INFO] [1757399450.956777544] [cartographer logger]: I0909 06:30:50.000000   124 pose_graph_2d.cc:400] ComputeConstraintsForNode: ComputeConstraint for Node (num_scan_points = 569, average_scan_range = 22.6834, median_scan_range = 18.9898)
[tf2_beacons_listener.py-9] [INFO] [1757399450.962406449] [tf2_beacons_listener]: TrajectoryRecorder.timer_callback called
[tf2_beacons_listener.py-9] [INFO] [1757399450.996068100] [tf2_beacons_listener]: TrajectoryRecorder.call_trajectory_query.done_callback called.
[tf2_beacons_listener.py-9] [INFO] [1757399450.996433738] [tf2_beacons_listener]: status=cartographer_ros_msgs.msg.StatusResponse(code=0, message='Retrieved 166 trajectory nodes from trajectory 0.')
[cartographer_node-2] [INFO] [1757399451.277699549] [cartographer logger]: I0909 06:30:51.000000   123 pose_graph_2d.cc:400] ComputeConstraintsForNode: ComputeConstraint for Node (num_scan_points = 571, average_scan_range = 22.3458, median_scan_range = 18.5905)
[cartographer_node-2] [INFO] [1757399451.376010718] [cartographer logger]: I0909 06:30:51.000000   124 pose_graph_2d.cc:400] ComputeConstraintsForNode: ComputeConstraint for Node (num_scan_points = 568, average_scan_range = 22.2469, median_scan_range = 18.2767)
[cartographer_node-2] [INFO] [1757399451.549104612] [cartographer logger]: I0909 06:30:51.000000   122 pose_graph_2d.cc:400] ComputeConstraintsForNode: ComputeConstraint for Node (num_scan_points = 576, average_scan_range = 22.0251, median_scan_range = 17.9466)
[cartographer_node-2] [INFO] [1757399451.707157190] [cartographer logger]: I0909 06:30:51.000000   121 pose_graph_2d.cc:400] ComputeConstraintsForNode: ComputeConstraint for Node (num_scan_points = 565, average_scan_range = 21.8682, median_scan_range = 17.7693)
[cartographer_node-2] [INFO] [1757399451.768063372] [cartographer logger]: I0909 06:30:51.000000   125 pose_graph_2d.cc:400] ComputeConstraintsForNode: ComputeConstraint for Node (num_scan_points = 576, average_scan_range = 21.983, median_scan_range = 17.9991)
[cartographer_node-2] [INFO] [1757399451.857579658] [cartographer logger]: I0909 06:30:51.000000   120 pose_graph_2d.cc:400] ComputeConstraintsForNode: ComputeConstraint for Node (num_scan_points = 565, average_scan_range = 21.7108, median_scan_range = 17.5291)
[tf2_beacons_listener.py-9] [INFO] [1757399451.899878476] [tf2_beacons_listener]: sampling data count = 49
[cartographer_node-2] [INFO] [1757399451.938850283] [cartographer logger]: I0909 06:30:51.000000   123 pose_graph_2d.cc:400] ComputeConstraintsForNode: ComputeConstraint for Node (num_scan_points = 571, average_scan_range = 21.7795, median_scan_range = 17.8023)
[cartographer_node-2] [INFO] [1757399452.076931053] [cartographer logger]: I0909 06:30:52.000000   124 pose_graph_2d.cc:400] ComputeConstraintsForNode: ComputeConstraint for Node (num_scan_points = 570, average_scan_range = 21.4718, median_scan_range = 17.4139)
[cartographer_node-2] [INFO] [1757399452.194210873] [cartographer logger]: I0909 06:30:52.000000   122 pose_graph_2d.cc:400] ComputeConstraintsForNode: ComputeConstraint for Node (num_scan_points = 569, average_scan_range = 21.6585, median_scan_range = 17.5969)
[cartographer_node-2] [INFO] [1757399452.247934011] [cartographer logger]: I0909 06:30:52.000000   119 pose_graph_2d.cc:400] ComputeConstraintsForNode: ComputeConstraint for Node (num_scan_points = 580, average_scan_range = 22.1205, median_scan_range = 18.1275)
[cartographer_node-2] [INFO] [1757399452.347951109] [cartographer logger]: I0909 06:30:52.000000   121 pose_graph_2d.cc:400] ComputeConstraintsForNode: ComputeConstraint for Node (num_scan_points = 583, average_scan_range = 22.2767, median_scan_range = 18.3392)
[cartographer_node-2] [INFO] [1757399452.458878697] [cartographer logger]: I0909 06:30:52.000000   125 pose_graph_2d.cc:400] ComputeConstraintsForNode: ComputeConstraint for Node (num_scan_points = 574, average_scan_range = 22.2561, median_scan_range = 18.3354)
[tf2_beacons_listener.py-9] [INFO] [1757399452.910062012] [tf2_beacons_listener]: sampling data count = 50
[cartographer_node-2] [INFO] [1757399453.650388682] [cartographer logger]: I0909 06:30:53.000000   120 pose_graph_2d.cc:400] ComputeConstraintsForNode: ComputeConstraint for Node (num_scan_points = 641, average_scan_range = 21.0371, median_scan_range = 16.5811)
[cartographer_node-2] [INFO] [1757399453.780357826] [cartographer logger]: I0909 06:30:53.000000   123 pose_graph_2d.cc:400] ComputeConstraintsForNode: ComputeConstraint for Node (num_scan_points = 553, average_scan_range = 22.3942, median_scan_range = 18.3708)
[cartographer_node-2] [INFO] [1757399453.870497038] [cartographer logger]: I0909 06:30:53.000000    73 pose_graph_2d.cc:149] Inserted submap (0, 2).
[cartographer_node-2] [INFO] [1757399453.870656700] [cartographer logger]: I0909 06:30:53.000000   124 pose_graph_2d.cc:400] ComputeConstraintsForNode: ComputeConstraint for Node (num_scan_points = 537, average_scan_range = 22.6868, median_scan_range = 18.699)
[cartographer_node-2] [INFO] [1757399453.992082666] [cartographer logger]: I0909 06:30:53.000000   122 pose_graph_2d.cc:400] ComputeConstraintsForNode: ComputeConstraint for Node (num_scan_points = 550, average_scan_range = 22.7128, median_scan_range = 18.9808)
[cartographer_node-2] [INFO] [1757399454.067487524] [cartographer logger]: I0909 06:30:54.000000   119 pose_graph_2d.cc:400] ComputeConstraintsForNode: ComputeConstraint for Node (num_scan_points = 541, average_scan_range = 22.5943, median_scan_range = 18.624)
[cartographer_node-2] [INFO] [1757399454.067516059] [cartographer logger]: I0909 06:30:54.000000   119 pose_graph_2d.cc:574] Remaining work items in queue: 0
[cartographer_node-2] [INFO] [1757399454.067526011] [cartographer logger]: I0909 06:30:54.000000   119 constraint_builder_2d.cc:297] 0 computations resulted in 0 additional constraints.
[cartographer_node-2] [INFO] [1757399454.067533151] [cartographer logger]: I0909 06:30:54.000000   119 constraint_builder_2d.cc:299] Score histogram:
[cartographer_node-2] Count: 0
[cartographer_node-2] [INFO] [1757399454.281874124] [cartographer logger]: I0909 06:30:54.000000   123 pose_graph_2d.cc:400] ComputeConstraintsForNode: ComputeConstraint for Node (num_scan_points = 668, average_scan_range = 21.3127, median_scan_range = 17.1179)
[cartographer_node-2] [INFO] [1757399454.358727582] [cartographer logger]: I0909 06:30:54.000000   119 pose_graph_2d.cc:400] ComputeConstraintsForNode: ComputeConstraint for Node (num_scan_points = 613, average_scan_range = 21.8842, median_scan_range = 17.9489)
[tracked_pose_listener.py-10] [INFO] [1757399454.558123091] [tracked_pose_listener]: tracked_pose messages received at 6.60 Hz (total count=  406). current tracked_pose = [264.353, 'map', 42.615563921896786, 0.898538015764893, 0.0, 0.001874269854046862, 0.0028250598601989993, 0.6230127013098138, 0.7822043723707695]
[cartographer_node-2] [INFO] [1757399454.667936395] [cartographer logger]: I0909 06:30:54.000000   124 pose_graph_2d.cc:400] ComputeConstraintsForNode: ComputeConstraint for Node (num_scan_points = 579, average_scan_range = 22.1874, median_scan_range = 18.0096)
[tf2_beacons_listener.py-9] [INFO] [1757399454.909559359] [tf2_beacons_listener]: sampling data count = 51
[cartographer_node-2] [INFO] [1757399454.968960960] [cartographer logger]: I0909 06:30:54.000000   121 pose_graph_2d.cc:400] ComputeConstraintsForNode: ComputeConstraint for Node (num_scan_points = 582, average_scan_range = 22.0443, median_scan_range = 17.8153)
[cartographer_node-2] [INFO] [1757399455.049629777] [cartographer logger]: I0909 06:30:55.000000   125 pose_graph_2d.cc:400] ComputeConstraintsForNode: ComputeConstraint for Node (num_scan_points = 592, average_scan_range = 21.9576, median_scan_range = 17.8427)
[cartographer_node-2] [INFO] [1757399455.160092261] [cartographer logger]: I0909 06:30:55.000000   120 pose_graph_2d.cc:400] ComputeConstraintsForNode: ComputeConstraint for Node (num_scan_points = 585, average_scan_range = 22.0457, median_scan_range = 17.7647)
[cartographer_node-2] [INFO] [1757399455.248242652] [cartographer logger]: I0909 06:30:55.000000   123 pose_graph_2d.cc:400] ComputeConstraintsForNode: ComputeConstraint for Node (num_scan_points = 587, average_scan_range = 21.9428, median_scan_range = 17.7413)
[cartographer_node-2] [INFO] [1757399455.369391098] [cartographer logger]: I0909 06:30:55.000000   119 pose_graph_2d.cc:400] ComputeConstraintsForNode: ComputeConstraint for Node (num_scan_points = 592, average_scan_range = 21.9471, median_scan_range = 17.8039)
[cartographer_node-2] [INFO] [1757399455.448924998] [cartographer logger]: I0909 06:30:55.000000   123 pose_graph_2d.cc:400] ComputeConstraintsForNode: ComputeConstraint for Node (num_scan_points = 591, average_scan_range = 22.1625, median_scan_range = 18.0194)
[cartographer_node-2] [INFO] [1757399455.548952109] [cartographer logger]: I0909 06:30:55.000000   119 pose_graph_2d.cc:400] ComputeConstraintsForNode: ComputeConstraint for Node (num_scan_points = 594, average_scan_range = 22.1084, median_scan_range = 18.0579)
[cartographer_node-2] [INFO] [1757399455.668495937] [cartographer logger]: I0909 06:30:55.000000   122 pose_graph_2d.cc:400] ComputeConstraintsForNode: ComputeConstraint for Node (num_scan_points = 606, average_scan_range = 22.2959, median_scan_range = 18.417)
[cartographer_node-2] [INFO] [1757399455.781238044] [cartographer logger]: I0909 06:30:55.000000   124 pose_graph_2d.cc:400] ComputeConstraintsForNode: ComputeConstraint for Node (num_scan_points = 594, average_scan_range = 22.3621, median_scan_range = 18.8006)
[cartographer_node-2] [INFO] [1757399455.848049723] [cartographer logger]: I0909 06:30:55.000000   121 pose_graph_2d.cc:400] ComputeConstraintsForNode: ComputeConstraint for Node (num_scan_points = 568, average_scan_range = 22.7722, median_scan_range = 19.0546)
[cartographer_node-2] [INFO] [1757399455.967983098] [cartographer logger]: I0909 06:30:55.000000   125 pose_graph_2d.cc:400] ComputeConstraintsForNode: ComputeConstraint for Node (num_scan_points = 570, average_scan_range = 22.6576, median_scan_range = 18.7462)
[cartographer_node-2] [INFO] [1757399456.021095908] [cartographer logger]: I0909 06:30:56.000000    73 collated_trajectory_builder.cc:81] imu rate: 87.53 Hz 1.14e-02 s +/- 4.01e-03 s (pulsed at 100.21% real time)
[cartographer_node-2] [INFO] [1757399456.021120994] [cartographer logger]: I0909 06:30:56.000000    73 collated_trajectory_builder.cc:81] points2 rate: 7.67 Hz 1.30e-01 s +/- 9.39e-02 s (pulsed at 100.00% real time)
[cartographer_node-2] [INFO] [1757399456.063839384] [cartographer logger]: I0909 06:30:56.000000   120 pose_graph_2d.cc:400] ComputeConstraintsForNode: ComputeConstraint for Node (num_scan_points = 568, average_scan_range = 22.8126, median_scan_range = 18.9013)
[tf2_beacons_listener.py-9] [INFO] [1757399456.087887159] [tf2_beacons_listener]: dummy fingerprint data created at t=265.910705569, x=42.175041894393765, y=0.6478708482422796
[cartographer_node-2] [INFO] [1757399456.197827635] [cartographer logger]: I0909 06:30:56.000000   123 pose_graph_2d.cc:400] ComputeConstraintsForNode: ComputeConstraint for Node (num_scan_points = 561, average_scan_range = 22.7885, median_scan_range = 18.8783)
[cartographer_node-2] [INFO] [1757399456.539712471] [cartographer logger]: I0909 06:30:56.000000   120 pose_graph_2d.cc:400] ComputeConstraintsForNode: ComputeConstraint for Node (num_scan_points = 566, average_scan_range = 22.4982, median_scan_range = 18.4107)
[cartographer_node-2] [INFO] [1757399456.684222836] [cartographer logger]: I0909 06:30:56.000000   123 pose_graph_2d.cc:400] ComputeConstraintsForNode: ComputeConstraint for Node (num_scan_points = 572, average_scan_range = 22.468, median_scan_range = 18.3218)
[cartographer_node-2] [INFO] [1757399456.793366101] [cartographer logger]: I0909 06:30:56.000000   119 pose_graph_2d.cc:400] ComputeConstraintsForNode: ComputeConstraint for Node (num_scan_points = 568, average_scan_range = 22.6846, median_scan_range = 18.3699)
[cartographer_node-2] [INFO] [1757399456.860320807] [cartographer logger]: I0909 06:30:56.000000   122 pose_graph_2d.cc:400] ComputeConstraintsForNode: ComputeConstraint for Node (num_scan_points = 568, average_scan_range = 22.6765, median_scan_range = 18.6789)
[tf2_beacons_listener.py-9] [INFO] [1757399456.909530123] [tf2_beacons_listener]: sampling data count = 52
[cartographer_node-2] [INFO] [1757399456.949177242] [cartographer logger]: I0909 06:30:56.000000   124 pose_graph_2d.cc:400] ComputeConstraintsForNode: ComputeConstraint for Node (num_scan_points = 576, average_scan_range = 22.5729, median_scan_range = 18.3876)
[cartographer_node-2] [INFO] [1757399457.092767913] [cartographer logger]: I0909 06:30:57.000000   121 pose_graph_2d.cc:400] ComputeConstraintsForNode: ComputeConstraint for Node (num_scan_points = 563, average_scan_range = 23.0603, median_scan_range = 19.2484)
[cartographer_node-2] [INFO] [1757399457.147033916] [cartographer logger]: I0909 06:30:57.000000   125 pose_graph_2d.cc:400] ComputeConstraintsForNode: ComputeConstraint for Node (num_scan_points = 565, average_scan_range = 23.0609, median_scan_range = 19.0213)
[cartographer_node-2] [INFO] [1757399457.248012005] [cartographer logger]: I0909 06:30:57.000000   120 pose_graph_2d.cc:400] ComputeConstraintsForNode: ComputeConstraint for Node (num_scan_points = 555, average_scan_range = 23.0328, median_scan_range = 19.1119)
[cartographer_node-2] [INFO] [1757399457.569194091] [cartographer logger]: I0909 06:30:57.000000   123 pose_graph_2d.cc:400] ComputeConstraintsForNode: ComputeConstraint for Node (num_scan_points = 589, average_scan_range = 22.6656, median_scan_range = 19.1565)
[tf2_beacons_listener.py-9] [INFO] [1757399457.909733933] [tf2_beacons_listener]: sampling data count = 53
[cartographer_node-2] [INFO] [1757399458.352523419] [cartographer logger]: I0909 06:30:58.000000   121 pose_graph_2d.cc:400] ComputeConstraintsForNode: ComputeConstraint for Node (num_scan_points = 608, average_scan_range = 22.1247, median_scan_range = 18.4973)
[cartographer_node-2] [INFO] [1757399458.482199562] [cartographer logger]: I0909 06:30:58.000000   125 pose_graph_2d.cc:400] ComputeConstraintsForNode: ComputeConstraint for Node (num_scan_points = 616, average_scan_range = 21.9342, median_scan_range = 18.1906)
[cartographer_node-2] [INFO] [1757399458.572076547] [cartographer logger]: I0909 06:30:58.000000   120 pose_graph_2d.cc:400] ComputeConstraintsForNode: ComputeConstraint for Node (num_scan_points = 620, average_scan_range = 21.8749, median_scan_range = 18.1694)
[cartographer_node-2] [INFO] [1757399458.868186243] [cartographer logger]: I0909 06:30:58.000000   123 pose_graph_2d.cc:400] ComputeConstraintsForNode: ComputeConstraint for Node (num_scan_points = 611, average_scan_range = 21.9843, median_scan_range = 18.3186)
[tf2_beacons_listener.py-9] [INFO] [1757399458.909523697] [tf2_beacons_listener]: sampling data count = 54
[cartographer_node-2] [INFO] [1757399458.969012909] [cartographer logger]: I0909 06:30:58.000000   119 pose_graph_2d.cc:400] ComputeConstraintsForNode: ComputeConstraint for Node (num_scan_points = 597, average_scan_range = 21.7807, median_scan_range = 17.9798)
[cartographer_node-2] [INFO] [1757399459.081110970] [cartographer logger]: I0909 06:30:59.000000   122 pose_graph_2d.cc:400] ComputeConstraintsForNode: ComputeConstraint for Node (num_scan_points = 616, average_scan_range = 21.6464, median_scan_range = 18.0638)
[cartographer_node-2] [INFO] [1757399459.149025888] [cartographer logger]: I0909 06:30:59.000000   125 pose_graph_2d.cc:400] ComputeConstraintsForNode: ComputeConstraint for Node (num_scan_points = 563, average_scan_range = 22.5624, median_scan_range = 19.3252)
[cartographer_node-2] [INFO] [1757399459.646228721] [cartographer logger]: I0909 06:30:59.000000   121 pose_graph_2d.cc:400] ComputeConstraintsForNode: ComputeConstraint for Node (num_scan_points = 544, average_scan_range = 22.5201, median_scan_range = 19.3366)
[cartographer_node-2] [INFO] [1757399459.866778698] [cartographer logger]: I0909 06:30:59.000000   125 pose_graph_2d.cc:400] ComputeConstraintsForNode: ComputeConstraint for Node (num_scan_points = 549, average_scan_range = 22.5138, median_scan_range = 19.3856)
[tf2_beacons_listener.py-9] [INFO] [1757399459.909955678] [tf2_beacons_listener]: sampling data count = 55
[cartographer_node-2] [INFO] [1757399460.055582151] [cartographer logger]: I0909 06:31:00.000000   122 pose_graph_2d.cc:400] ComputeConstraintsForNode: ComputeConstraint for Node (num_scan_points = 540, average_scan_range = 22.5211, median_scan_range = 19.4339)
[cartographer_node-2] [INFO] [1757399460.373802150] [cartographer logger]: I0909 06:31:00.000000   120 pose_graph_2d.cc:400] ComputeConstraintsForNode: ComputeConstraint for Node (num_scan_points = 526, average_scan_range = 22.9662, median_scan_range = 19.7575)
[cartographer_node-2] [INFO] [1757399460.654314577] [cartographer logger]: I0909 06:31:00.000000   125 pose_graph_2d.cc:400] ComputeConstraintsForNode: ComputeConstraint for Node (num_scan_points = 547, average_scan_range = 22.0267, median_scan_range = 18.8983)
[rviz2-5] [INFO] [1757399460.740435589] [rviz2]: Trying to create a map of size 1256 x 1029 using 1 swatches
[tf2_beacons_listener.py-9] [INFO] [1757399460.909784251] [tf2_beacons_listener]: sampling data count = 56
[cartographer_node-2] [INFO] [1757399460.946000472] [cartographer logger]: I0909 06:31:00.000000   123 pose_graph_2d.cc:400] ComputeConstraintsForNode: ComputeConstraint for Node (num_scan_points = 547, average_scan_range = 21.677, median_scan_range = 18.6039)
[tf2_beacons_listener.py-9] [INFO] [1757399460.963212304] [tf2_beacons_listener]: TrajectoryRecorder.timer_callback called
[tf2_beacons_listener.py-9] [INFO] [1757399460.973815404] [tf2_beacons_listener]: TrajectoryRecorder.call_trajectory_query.done_callback called.
[tf2_beacons_listener.py-9] [INFO] [1757399460.974071210] [tf2_beacons_listener]: status=cartographer_ros_msgs.msg.StatusResponse(code=0, message='Retrieved 221 trajectory nodes from trajectory 0.')
[cartographer_node-2] [INFO] [1757399461.253935669] [cartographer logger]: I0909 06:31:01.000000   121 pose_graph_2d.cc:400] ComputeConstraintsForNode: ComputeConstraint for Node (num_scan_points = 558, average_scan_range = 21.7287, median_scan_range = 18.1106)
[cartographer_node-2] [INFO] [1757399461.773994401] [cartographer logger]: I0909 06:31:01.000000   124 pose_graph_2d.cc:400] ComputeConstraintsForNode: ComputeConstraint for Node (num_scan_points = 551, average_scan_range = 21.6665, median_scan_range = 18.3357)
[cartographer_node-2] [INFO] [1757399461.864737723] [cartographer logger]: I0909 06:31:01.000000   120 pose_graph_2d.cc:400] ComputeConstraintsForNode: ComputeConstraint for Node (num_scan_points = 560, average_scan_range = 20.9834, median_scan_range = 17.5707)
[tf2_beacons_listener.py-9] [INFO] [1757399461.909683150] [tf2_beacons_listener]: sampling data count = 57
[cartographer_node-2] [INFO] [1757399461.954052920] [cartographer logger]: I0909 06:31:01.000000   123 pose_graph_2d.cc:400] ComputeConstraintsForNode: ComputeConstraint for Node (num_scan_points = 550, average_scan_range = 20.555, median_scan_range = 17.2314)
[cartographer_node-2] [INFO] [1757399462.443217038] [cartographer logger]: I0909 06:31:02.000000   119 pose_graph_2d.cc:400] ComputeConstraintsForNode: ComputeConstraint for Node (num_scan_points = 562, average_scan_range = 21.0071, median_scan_range = 17.4824)
[cartographer_node-2] [INFO] [1757399462.564146161] [cartographer logger]: I0909 06:31:02.000000   122 pose_graph_2d.cc:400] ComputeConstraintsForNode: ComputeConstraint for Node (num_scan_points = 546, average_scan_range = 20.6062, median_scan_range = 17.1977)
[cartographer_node-2] [INFO] [1757399462.675497574] [cartographer logger]: I0909 06:31:02.000000   125 pose_graph_2d.cc:400] ComputeConstraintsForNode: ComputeConstraint for Node (num_scan_points = 551, average_scan_range = 20.8671, median_scan_range = 17.3324)
[cartographer_node-2] [INFO] [1757399462.756134940] [cartographer logger]: I0909 06:31:02.000000   121 pose_graph_2d.cc:400] ComputeConstraintsForNode: ComputeConstraint for Node (num_scan_points = 566, average_scan_range = 20.6171, median_scan_range = 17.1019)
[tf2_beacons_listener.py-9] [INFO] [1757399462.899571847] [tf2_beacons_listener]: sampling data count = 58
[cartographer_node-2] [INFO] [1757399463.154259730] [cartographer logger]: I0909 06:31:03.000000   124 pose_graph_2d.cc:400] ComputeConstraintsForNode: ComputeConstraint for Node (num_scan_points = 562, average_scan_range = 21.4281, median_scan_range = 17.7879)
[cartographer_node-2] [INFO] [1757399463.437377266] [cartographer logger]: I0909 06:31:03.000000   120 pose_graph_2d.cc:400] ComputeConstraintsForNode: ComputeConstraint for Node (num_scan_points = 604, average_scan_range = 20.8153, median_scan_range = 16.9431)
[cartographer_node-2] [INFO] [1757399463.577371742] [cartographer logger]: I0909 06:31:03.000000   123 pose_graph_2d.cc:400] ComputeConstraintsForNode: ComputeConstraint for Node (num_scan_points = 603, average_scan_range = 20.9553, median_scan_range = 17.0661)
[cartographer_node-2] [INFO] [1757399463.646605932] [cartographer logger]: I0909 06:31:03.000000   119 pose_graph_2d.cc:400] ComputeConstraintsForNode: ComputeConstraint for Node (num_scan_points = 610, average_scan_range = 21.2763, median_scan_range = 17.5477)
[tf2_beacons_listener.py-9] [INFO] [1757399464.088028552] [tf2_beacons_listener]: dummy fingerprint data created at t=273.911267941, x=43.06912658198682, y=-0.8262137958762138
[cartographer_node-2] [INFO] [1757399464.165981411] [cartographer logger]: I0909 06:31:04.000000   122 pose_graph_2d.cc:400] ComputeConstraintsForNode: ComputeConstraint for Node (num_scan_points = 558, average_scan_range = 21.9641, median_scan_range = 18.114)
[cartographer_node-2] [INFO] [1757399464.275078663] [cartographer logger]: I0909 06:31:04.000000   125 pose_graph_2d.cc:400] ComputeConstraintsForNode: ComputeConstraint for Node (num_scan_points = 587, average_scan_range = 21.2848, median_scan_range = 17.6712)
[cartographer_node-2] [INFO] [1757399464.355775149] [cartographer logger]: I0909 06:31:04.000000   120 pose_graph_2d.cc:400] ComputeConstraintsForNode: ComputeConstraint for Node (num_scan_points = 559, average_scan_range = 22.0478, median_scan_range = 18.3773)
[cartographer_node-2] [INFO] [1757399464.476146056] [cartographer logger]: I0909 06:31:04.000000   124 pose_graph_2d.cc:400] ComputeConstraintsForNode: ComputeConstraint for Node (num_scan_points = 535, average_scan_range = 22.5462, median_scan_range = 18.8912)
[cartographer_node-2] [INFO] [1757399464.546562575] [cartographer logger]: I0909 06:31:04.000000   121 pose_graph_2d.cc:400] ComputeConstraintsForNode: ComputeConstraint for Node (num_scan_points = 535, average_scan_range = 22.7987, median_scan_range = 19.5306)
[cartographer_node-2] [INFO] [1757399464.645763970] [cartographer logger]: I0909 06:31:04.000000   123 pose_graph_2d.cc:400] ComputeConstraintsForNode: ComputeConstraint for Node (num_scan_points = 534, average_scan_range = 22.6571, median_scan_range = 19.4118)
[tracked_pose_listener.py-10] [INFO] [1757399464.646542282] [tracked_pose_listener]: tracked_pose messages received at 6.58 Hz (total count=  471). current tracked_pose = [274.423, 'map', 42.370677928023, -1.4151468962747757, 0.0, 0.0011284397764837707, 0.0006406919520196792, 0.9125285296587656, -0.4090110007032879]
[cartographer_node-2] [INFO] [1757399464.774104819] [cartographer logger]: I0909 06:31:04.000000   119 pose_graph_2d.cc:400] ComputeConstraintsForNode: ComputeConstraint for Node (num_scan_points = 533, average_scan_range = 22.5425, median_scan_range = 18.9088)
[cartographer_node-2] [INFO] [1757399464.865958832] [cartographer logger]: I0909 06:31:04.000000   122 pose_graph_2d.cc:400] ComputeConstraintsForNode: ComputeConstraint for Node (num_scan_points = 535, average_scan_range = 22.6404, median_scan_range = 19.1072)
[tf2_beacons_listener.py-9] [INFO] [1757399464.909799597] [tf2_beacons_listener]: sampling data count = 59
[cartographer_node-2] [INFO] [1757399464.957140096] [cartographer logger]: I0909 06:31:04.000000   125 pose_graph_2d.cc:400] ComputeConstraintsForNode: ComputeConstraint for Node (num_scan_points = 533, average_scan_range = 22.5868, median_scan_range = 19.2736)
[cartographer_node-2] [INFO] [1757399465.046313856] [cartographer logger]: I0909 06:31:05.000000   120 pose_graph_2d.cc:400] ComputeConstraintsForNode: ComputeConstraint for Node (num_scan_points = 533, average_scan_range = 22.5365, median_scan_range = 19.2123)
[cartographer_node-2] [INFO] [1757399465.190822652] [cartographer logger]: I0909 06:31:05.000000   124 pose_graph_2d.cc:400] ComputeConstraintsForNode: ComputeConstraint for Node (num_scan_points = 529, average_scan_range = 22.5884, median_scan_range = 19.1411)
[cartographer_node-2] [INFO] [1757399465.456884405] [cartographer logger]: I0909 06:31:05.000000   121 pose_graph_2d.cc:400] ComputeConstraintsForNode: ComputeConstraint for Node (num_scan_points = 532, average_scan_range = 22.2684, median_scan_range = 18.7902)
[cartographer_node-2] [INFO] [1757399465.545503490] [cartographer logger]: I0909 06:31:05.000000   123 pose_graph_2d.cc:400] ComputeConstraintsForNode: ComputeConstraint for Node (num_scan_points = 521, average_scan_range = 22.3934, median_scan_range = 18.6974)
[tf2_beacons_listener.py-9] [INFO] [1757399465.909733823] [tf2_beacons_listener]: sampling data count = 60
[cartographer_node-2] [INFO] [1757399466.165244110] [cartographer logger]: I0909 06:31:06.000000   121 pose_graph_2d.cc:400] ComputeConstraintsForNode: ComputeConstraint for Node (num_scan_points = 503, average_scan_range = 22.5672, median_scan_range = 18.9345)
[cartographer_node-2] [INFO] [1757399466.764317043] [cartographer logger]: I0909 06:31:06.000000   123 pose_graph_2d.cc:400] ComputeConstraintsForNode: ComputeConstraint for Node (num_scan_points = 522, average_scan_range = 22.3648, median_scan_range = 18.6606)
[cartographer_node-2] [INFO] [1757399466.875652643] [cartographer logger]: I0909 06:31:06.000000   119 pose_graph_2d.cc:400] ComputeConstraintsForNode: ComputeConstraint for Node (num_scan_points = 510, average_scan_range = 22.8221, median_scan_range = 19.1277)
[tf2_beacons_listener.py-9] [INFO] [1757399466.909736777] [tf2_beacons_listener]: sampling data count = 61
[cartographer_node-2] [INFO] [1757399466.967554524] [cartographer logger]: I0909 06:31:06.000000   122 pose_graph_2d.cc:400] ComputeConstraintsForNode: ComputeConstraint for Node (num_scan_points = 522, average_scan_range = 22.4235, median_scan_range = 18.7626)
[cartographer_node-2] [INFO] [1757399467.266749689] [cartographer logger]: I0909 06:31:07.000000   119 pose_graph_2d.cc:400] ComputeConstraintsForNode: ComputeConstraint for Node (num_scan_points = 536, average_scan_range = 22.2772, median_scan_range = 18.523)
[cartographer_node-2] [INFO] [1757399467.355369327] [cartographer logger]: I0909 06:31:07.000000   122 pose_graph_2d.cc:400] ComputeConstraintsForNode: ComputeConstraint for Node (num_scan_points = 528, average_scan_range = 22.4388, median_scan_range = 18.545)
[cartographer_node-2] [INFO] [1757399467.644551291] [cartographer logger]: I0909 06:31:07.000000   119 pose_graph_2d.cc:400] ComputeConstraintsForNode: ComputeConstraint for Node (num_scan_points = 550, average_scan_range = 21.9538, median_scan_range = 18.1464)
[cartographer_node-2] [INFO] [1757399467.773815776] [cartographer logger]: I0909 06:31:07.000000   122 pose_graph_2d.cc:400] ComputeConstraintsForNode: ComputeConstraint for Node (num_scan_points = 531, average_scan_range = 22.1242, median_scan_range = 18.1465)
[cartographer_node-2] [INFO] [1757399467.855665709] [cartographer logger]: I0909 06:31:07.000000   125 pose_graph_2d.cc:400] ComputeConstraintsForNode: ComputeConstraint for Node (num_scan_points = 546, average_scan_range = 21.7868, median_scan_range = 17.8641)
[tf2_beacons_listener.py-9] [INFO] [1757399467.909670512] [tf2_beacons_listener]: sampling data count = 62
[cartographer_node-2] [INFO] [1757399467.944867282] [cartographer logger]: I0909 06:31:07.000000   120 pose_graph_2d.cc:400] ComputeConstraintsForNode: ComputeConstraint for Node (num_scan_points = 531, average_scan_range = 22.2916, median_scan_range = 18.4018)
[cartographer_node-2] [INFO] [1757399468.076426132] [cartographer logger]: I0909 06:31:08.000000   124 pose_graph_2d.cc:400] ComputeConstraintsForNode: ComputeConstraint for Node (num_scan_points = 543, average_scan_range = 21.9093, median_scan_range = 18.2118)
[cartographer_node-2] [INFO] [1757399468.190256606] [cartographer logger]: I0909 06:31:08.000000   121 pose_graph_2d.cc:400] ComputeConstraintsForNode: ComputeConstraint for Node (num_scan_points = 527, average_scan_range = 22.3642, median_scan_range = 18.5463)
[cartographer_node-2] [INFO] [1757399468.265661330] [cartographer logger]: I0909 06:31:08.000000   123 pose_graph_2d.cc:400] ComputeConstraintsForNode: ComputeConstraint for Node (num_scan_points = 531, average_scan_range = 22.2048, median_scan_range = 18.3434)
[cartographer_node-2] [INFO] [1757399468.374211660] [cartographer logger]: I0909 06:31:08.000000   119 pose_graph_2d.cc:400] ComputeConstraintsForNode: ComputeConstraint for Node (num_scan_points = 528, average_scan_range = 22.2755, median_scan_range = 18.3907)
[cartographer_node-2] [INFO] [1757399468.764609806] [cartographer logger]: I0909 06:31:08.000000   122 pose_graph_2d.cc:400] ComputeConstraintsForNode: ComputeConstraint for Node (num_scan_points = 552, average_scan_range = 21.5428, median_scan_range = 17.286)
[cartographer_node-2] [INFO] [1757399468.846061631] [cartographer logger]: I0909 06:31:08.000000   125 pose_graph_2d.cc:400] ComputeConstraintsForNode: ComputeConstraint for Node (num_scan_points = 553, average_scan_range = 21.529, median_scan_range = 17.0663)
[cartographer_node-2] [INFO] [1757399468.974785549] [cartographer logger]: I0909 06:31:08.000000   120 pose_graph_2d.cc:400] ComputeConstraintsForNode: ComputeConstraint for Node (num_scan_points = 550, average_scan_range = 21.7878, median_scan_range = 17.4048)
[cartographer_node-2] [INFO] [1757399469.066067912] [cartographer logger]: I0909 06:31:09.000000   124 pose_graph_2d.cc:400] ComputeConstraintsForNode: ComputeConstraint for Node (num_scan_points = 549, average_scan_range = 21.7553, median_scan_range = 17.4414)
[tf2_beacons_listener.py-9] [INFO] [1757399469.089450772] [tf2_beacons_listener]: dummy fingerprint data created at t=278.91171531500004, x=41.33541590867165, y=-2.1930312239646885
[cartographer_node-2] [INFO] [1757399469.168833479] [cartographer logger]: I0909 06:31:09.000000   121 pose_graph_2d.cc:400] ComputeConstraintsForNode: ComputeConstraint for Node (num_scan_points = 545, average_scan_range = 21.6036, median_scan_range = 17.0496)
[cartographer_node-2] [INFO] [1757399469.277391180] [cartographer logger]: I0909 06:31:09.000000   123 pose_graph_2d.cc:400] ComputeConstraintsForNode: ComputeConstraint for Node (num_scan_points = 541, average_scan_range = 20.9616, median_scan_range = 16.6983)
[cartographer_node-2] [INFO] [1757399469.391713652] [cartographer logger]: I0909 06:31:09.000000   119 pose_graph_2d.cc:400] ComputeConstraintsForNode: ComputeConstraint for Node (num_scan_points = 553, average_scan_range = 20.4528, median_scan_range = 15.8317)
[cartographer_node-2] [INFO] [1757399469.442408843] [cartographer logger]: I0909 06:31:09.000000    73 motion_filter.cc:42] Motion filter reduced the number of nodes to 53.4%.
[cartographer_node-2] [INFO] [1757399469.464535727] [cartographer logger]: I0909 06:31:09.000000   122 pose_graph_2d.cc:400] ComputeConstraintsForNode: ComputeConstraint for Node (num_scan_points = 533, average_scan_range = 20.1335, median_scan_range = 15.716)
[cartographer_node-2] [INFO] [1757399469.571601051] [cartographer logger]: I0909 06:31:09.000000   125 pose_graph_2d.cc:400] ComputeConstraintsForNode: ComputeConstraint for Node (num_scan_points = 522, average_scan_range = 19.9666, median_scan_range = 15.8957)
[cartographer_node-2] [INFO] [1757399469.652447968] [cartographer logger]: I0909 06:31:09.000000   120 pose_graph_2d.cc:400] ComputeConstraintsForNode: ComputeConstraint for Node (num_scan_points = 528, average_scan_range = 20.7826, median_scan_range = 16.5595)
[cartographer_node-2] [INFO] [1757399469.768559934] [cartographer logger]: I0909 06:31:09.000000    73 pose_graph_2d.cc:149] Inserted submap (0, 3).
[cartographer_node-2] [INFO] [1757399469.768711520] [cartographer logger]: I0909 06:31:09.000000   124 pose_graph_2d.cc:400] ComputeConstraintsForNode: ComputeConstraint for Node (num_scan_points = 520, average_scan_range = 21.3346, median_scan_range = 17.2322)
[cartographer_node-2] [INFO] [1757399469.825804107] [cartographer logger]: I0909 06:31:09.000000   123 constraint_builder_2d.cc:282] Node (0, 74) with 473 points on submap (0, 1) differs by translation 0.02 rotation 0.000 with score 81.4%.
[cartographer_node-2] [INFO] [1757399469.877849069] [cartographer logger]: I0909 06:31:09.000000   122 pose_graph_2d.cc:400] ComputeConstraintsForNode: ComputeConstraint for Node (num_scan_points = 541, average_scan_range = 21.0918, median_scan_range = 16.5223)
[tf2_beacons_listener.py-9] [INFO] [1757399469.899540309] [tf2_beacons_listener]: sampling data count = 63
[cartographer_node-2] [INFO] [1757399469.948343879] [cartographer logger]: I0909 06:31:09.000000   121 pose_graph_2d.cc:400] ComputeConstraintsForNode: ComputeConstraint for Node (num_scan_points = 485, average_scan_range = 17.8124, median_scan_range = 14.9087)
[cartographer_node-2] [INFO] [1757399470.045260189] [cartographer logger]: I0909 06:31:10.000000   120 pose_graph_2d.cc:400] ComputeConstraintsForNode: ComputeConstraint for Node (num_scan_points = 537, average_scan_range = 21.8674, median_scan_range = 17.1817)
[cartographer_node-2] [INFO] [1757399470.045355904] [cartographer logger]: I0909 06:31:10.000000   120 pose_graph_2d.cc:574] Remaining work items in queue: 0
[cartographer_node-2] [INFO] [1757399470.045401496] [cartographer logger]: I0909 06:31:10.000000   120 constraint_builder_2d.cc:297] 1 computations resulted in 1 additional constraints.
[cartographer_node-2] [INFO] [1757399470.045408690] [cartographer logger]: I0909 06:31:10.000000   120 constraint_builder_2d.cc:299] Score histogram:
[cartographer_node-2] Count: 1  Min: 0.814133  Max: 0.814133  Mean: 0.814133
[cartographer_node-2] [INFO] [1757399470.158820083] [cartographer logger]: I0909 06:31:10.000000   121 pose_graph_2d.cc:400] ComputeConstraintsForNode: ComputeConstraint for Node (num_scan_points = 461, average_scan_range = 17.975, median_scan_range = 14.7587)
[cartographer_node-2] [INFO] [1757399470.445087831] [cartographer logger]: I0909 06:31:10.000000   122 pose_graph_2d.cc:400] ComputeConstraintsForNode: ComputeConstraint for Node (num_scan_points = 524, average_scan_range = 22.1737, median_scan_range = 17.6459)
[cartographer_node-2] [INFO] [1757399470.668042916] [cartographer logger]: I0909 06:31:10.000000   121 pose_graph_2d.cc:400] ComputeConstraintsForNode: ComputeConstraint for Node (num_scan_points = 537, average_scan_range = 21.8744, median_scan_range = 17.1586)
[cartographer_node-2] [INFO] [1757399470.755421431] [cartographer logger]: I0909 06:31:10.000000   122 pose_graph_2d.cc:400] ComputeConstraintsForNode: ComputeConstraint for Node (num_scan_points = 553, average_scan_range = 21.1255, median_scan_range = 15.9555)
[cartographer_node-2] [INFO] [1757399470.848392613] [cartographer logger]: I0909 06:31:10.000000   125 pose_graph_2d.cc:400] ComputeConstraintsForNode: ComputeConstraint for Node (num_scan_points = 564, average_scan_range = 21.4581, median_scan_range = 16.1495)
[tf2_beacons_listener.py-9] [INFO] [1757399470.899571169] [tf2_beacons_listener]: sampling data count = 64
[tf2_beacons_listener.py-9] [INFO] [1757399470.964289474] [tf2_beacons_listener]: TrajectoryRecorder.timer_callback called
[cartographer_node-2] [INFO] [1757399470.976978742] [cartographer logger]: I0909 06:31:10.000000   119 pose_graph_2d.cc:400] ComputeConstraintsForNode: ComputeConstraint for Node (num_scan_points = 554, average_scan_range = 21.7467, median_scan_range = 16.6024)
[tf2_beacons_listener.py-9] [INFO] [1757399470.986001366] [tf2_beacons_listener]: TrajectoryRecorder.call_trajectory_query.done_callback called.
[tf2_beacons_listener.py-9] [INFO] [1757399470.986263056] [tf2_beacons_listener]: status=cartographer_ros_msgs.msg.StatusResponse(code=0, message='Retrieved 280 trajectory nodes from trajectory 0.')
[cartographer_node-2] [INFO] [1757399471.034564749] [cartographer logger]: I0909 06:31:11.000000    73 collated_trajectory_builder.cc:81] imu rate: 87.67 Hz 1.14e-02 s +/- 3.81e-03 s (pulsed at 100.28% real time)
[cartographer_node-2] [INFO] [1757399471.034602074] [cartographer logger]: I0909 06:31:11.000000    73 collated_trajectory_builder.cc:81] points2 rate: 6.37 Hz 1.57e-01 s +/- 1.37e-01 s (pulsed at 100.00% real time)
[cartographer_node-2] [INFO] [1757399471.071860929] [cartographer logger]: I0909 06:31:11.000000   120 pose_graph_2d.cc:400] ComputeConstraintsForNode: ComputeConstraint for Node (num_scan_points = 530, average_scan_range = 22.2465, median_scan_range = 17.2178)
[cartographer_node-2] [INFO] [1757399471.286705114] [cartographer logger]: I0909 06:31:11.000000   119 pose_graph_2d.cc:400] ComputeConstraintsForNode: ComputeConstraint for Node (num_scan_points = 565, average_scan_range = 22.4543, median_scan_range = 17.2389)
[cartographer_node-2] [INFO] [1757399471.386846537] [cartographer logger]: I0909 06:31:11.000000   120 pose_graph_2d.cc:400] ComputeConstraintsForNode: ComputeConstraint for Node (num_scan_points = 568, average_scan_range = 22.4143, median_scan_range = 17.0957)
[cartographer_node-2] [INFO] [1757399471.452207551] [cartographer logger]: I0909 06:31:11.000000   123 pose_graph_2d.cc:400] ComputeConstraintsForNode: ComputeConstraint for Node (num_scan_points = 567, average_scan_range = 22.5324, median_scan_range = 17.3828)
[cartographer_node-2] [INFO] [1757399471.650313920] [cartographer logger]: I0909 06:31:11.000000   124 pose_graph_2d.cc:400] ComputeConstraintsForNode: ComputeConstraint for Node (num_scan_points = 596, average_scan_range = 23.2105, median_scan_range = 17.4827)
[cartographer_node-2] [WARN] [1757399471.651278348] [cartographer logger]: W0909 06:31:11.000000    73 sensor_bridge.cpp:311] Ignored Rangefinder message from sensor points2 because sensor time 621355970813230000 is not before last Rangefinder message time 621355970814230000
[cartographer_node-2] [INFO] [1757399471.771686796] [cartographer logger]: I0909 06:31:11.000000   121 pose_graph_2d.cc:400] ComputeConstraintsForNode: ComputeConstraint for Node (num_scan_points = 608, average_scan_range = 23.0391, median_scan_range = 17.5481)
[cartographer_node-2] [INFO] [1757399471.874379781] [cartographer logger]: I0909 06:31:11.000000   122 pose_graph_2d.cc:400] ComputeConstraintsForNode: ComputeConstraint for Node (num_scan_points = 613, average_scan_range = 22.9939, median_scan_range = 17.514)
[tf2_beacons_listener.py-9] [INFO] [1757399471.910030580] [tf2_beacons_listener]: sampling data count = 65
[cartographer_node-2] [INFO] [1757399471.983024659] [cartographer logger]: I0909 06:31:11.000000   125 pose_graph_2d.cc:400] ComputeConstraintsForNode: ComputeConstraint for Node (num_scan_points = 602, average_scan_range = 23.3742, median_scan_range = 18.0775)
[cartographer_node-2] [INFO] [1757399472.052078050] [cartographer logger]: I0909 06:31:12.000000   119 pose_graph_2d.cc:400] ComputeConstraintsForNode: ComputeConstraint for Node (num_scan_points = 587, average_scan_range = 23.2494, median_scan_range = 17.7458)
[cartographer_node-2] [INFO] [1757399472.351271389] [cartographer logger]: I0909 06:31:12.000000   120 pose_graph_2d.cc:400] ComputeConstraintsForNode: ComputeConstraint for Node (num_scan_points = 601, average_scan_range = 23.4796, median_scan_range = 18.7744)
[cartographer_node-2] [INFO] [1757399472.549706625] [cartographer logger]: I0909 06:31:12.000000   119 pose_graph_2d.cc:400] ComputeConstraintsForNode: ComputeConstraint for Node (num_scan_points = 572, average_scan_range = 23.4634, median_scan_range = 18.193)
[cartographer_node-2] [INFO] [1757399472.871403215] [cartographer logger]: I0909 06:31:12.000000   120 pose_graph_2d.cc:400] ComputeConstraintsForNode: ComputeConstraint for Node (num_scan_points = 581, average_scan_range = 23.4153, median_scan_range = 18.1974)
[tf2_beacons_listener.py-9] [INFO] [1757399472.909789824] [tf2_beacons_listener]: sampling data count = 66
[cartographer_node-2] [INFO] [1757399473.587812730] [cartographer logger]: I0909 06:31:13.000000   120 pose_graph_2d.cc:400] ComputeConstraintsForNode: ComputeConstraint for Node (num_scan_points = 574, average_scan_range = 23.6734, median_scan_range = 18.4431)
[tf2_beacons_listener.py-9] [INFO] [1757399473.899814027] [tf2_beacons_listener]: sampling data count = 67
[cartographer_node-2] [INFO] [1757399473.973867315] [cartographer logger]: I0909 06:31:13.000000   119 pose_graph_2d.cc:400] ComputeConstraintsForNode: ComputeConstraint for Node (num_scan_points = 579, average_scan_range = 23.5606, median_scan_range = 18.27)
[cartographer_node-2] [INFO] [1757399474.162510366] [cartographer logger]: I0909 06:31:14.000000   125 pose_graph_2d.cc:400] ComputeConstraintsForNode: ComputeConstraint for Node (num_scan_points = 622, average_scan_range = 23.018, median_scan_range = 17.5148)
[cartographer_node-2] [INFO] [1757399474.389255276] [cartographer logger]: I0909 06:31:14.000000   122 pose_graph_2d.cc:400] ComputeConstraintsForNode: ComputeConstraint for Node (num_scan_points = 603, average_scan_range = 23.8697, median_scan_range = 18.5542)
[cartographer_node-2] [INFO] [1757399474.657510917] [cartographer logger]: I0909 06:31:14.000000   123 pose_graph_2d.cc:400] ComputeConstraintsForNode: ComputeConstraint for Node (num_scan_points = 637, average_scan_range = 22.9498, median_scan_range = 18.0403)
[tracked_pose_listener.py-10] [INFO] [1757399474.658372070] [tracked_pose_listener]: tracked_pose messages received at 6.59 Hz (total count=  538). current tracked_pose = [284.423, 'map', 39.65543503155543, 2.8877577013888844, 0.0, 0.0016014627393465123, -0.0019162510949365685, 0.7068647230027362, 0.7073443480180646]
[tf2_beacons_listener.py-9] [INFO] [1757399474.909990603] [tf2_beacons_listener]: sampling data count = 68
[cartographer_node-2] [INFO] [1757399475.060784016] [cartographer logger]: I0909 06:31:15.000000   120 pose_graph_2d.cc:400] ComputeConstraintsForNode: ComputeConstraint for Node (num_scan_points = 636, average_scan_range = 22.8755, median_scan_range = 17.5384)
[cartographer_node-2] [INFO] [1757399475.350487644] [cartographer logger]: I0909 06:31:15.000000   123 pose_graph_2d.cc:400] ComputeConstraintsForNode: ComputeConstraint for Node (num_scan_points = 602, average_scan_range = 23.3549, median_scan_range = 18.31)
[cartographer_node-2] [INFO] [1757399475.586860636] [cartographer logger]: I0909 06:31:15.000000   120 pose_graph_2d.cc:400] ComputeConstraintsForNode: ComputeConstraint for Node (num_scan_points = 652, average_scan_range = 22.6468, median_scan_range = 17.5786)
[cartographer_node-2] [INFO] [1757399475.770334664] [cartographer logger]: I0909 06:31:15.000000   119 pose_graph_2d.cc:400] ComputeConstraintsForNode: ComputeConstraint for Node (num_scan_points = 614, average_scan_range = 23.5687, median_scan_range = 18.4344)
[tf2_beacons_listener.py-9] [INFO] [1757399475.909610475] [tf2_beacons_listener]: sampling data count = 69
[cartographer_node-2] [INFO] [1757399476.052585486] [cartographer logger]: I0909 06:31:16.000000   120 pose_graph_2d.cc:400] ComputeConstraintsForNode: ComputeConstraint for Node (num_scan_points = 634, average_scan_range = 23.0622, median_scan_range = 18.3361)
[cartographer_node-2] [INFO] [1757399476.352056498] [cartographer logger]: I0909 06:31:16.000000   123 pose_graph_2d.cc:400] ComputeConstraintsForNode: ComputeConstraint for Node (num_scan_points = 592, average_scan_range = 23.4403, median_scan_range = 18.5737)
[cartographer_node-2] [INFO] [1757399476.865137887] [cartographer logger]: I0909 06:31:16.000000   120 pose_graph_2d.cc:400] ComputeConstraintsForNode: ComputeConstraint for Node (num_scan_points = 609, average_scan_range = 23.2677, median_scan_range = 18.6857)
[tf2_beacons_listener.py-9] [INFO] [1757399476.909655398] [tf2_beacons_listener]: sampling data count = 70
[cartographer_node-2] [INFO] [1757399477.088806884] [cartographer logger]: I0909 06:31:17.000000   119 pose_graph_2d.cc:400] ComputeConstraintsForNode: ComputeConstraint for Node (num_scan_points = 610, average_scan_range = 23.2598, median_scan_range = 18.7598)
[cartographer_node-2] [INFO] [1757399477.264515929] [cartographer logger]: I0909 06:31:17.000000   125 pose_graph_2d.cc:400] ComputeConstraintsForNode: ComputeConstraint for Node (num_scan_points = 607, average_scan_range = 23.2213, median_scan_range = 18.902)
[cartographer_node-2] [INFO] [1757399477.562768780] [cartographer logger]: I0909 06:31:17.000000   122 pose_graph_2d.cc:400] ComputeConstraintsForNode: ComputeConstraint for Node (num_scan_points = 614, average_scan_range = 23.142, median_scan_range = 18.9943)
[tf2_beacons_listener.py-9] [INFO] [1757399477.899660885] [tf2_beacons_listener]: sampling data count = 71
[cartographer_node-2] [INFO] [1757399477.974700678] [cartographer logger]: I0909 06:31:17.000000   125 pose_graph_2d.cc:400] ComputeConstraintsForNode: ComputeConstraint for Node (num_scan_points = 625, average_scan_range = 23.264, median_scan_range = 19.2227)
[cartographer_node-2] [INFO] [1757399478.289230490] [cartographer logger]: I0909 06:31:18.000000   124 pose_graph_2d.cc:400] ComputeConstraintsForNode: ComputeConstraint for Node (num_scan_points = 617, average_scan_range = 23.0753, median_scan_range = 19.0302)
[cartographer_node-2] [INFO] [1757399478.453293733] [cartographer logger]: I0909 06:31:18.000000   123 pose_graph_2d.cc:400] ComputeConstraintsForNode: ComputeConstraint for Node (num_scan_points = 628, average_scan_range = 23.28, median_scan_range = 19.2508)
[cartographer_node-2] [INFO] [1757399478.673579898] [cartographer logger]: I0909 06:31:18.000000   125 pose_graph_2d.cc:400] ComputeConstraintsForNode: ComputeConstraint for Node (num_scan_points = 617, average_scan_range = 23.0406, median_scan_range = 19.1578)
[tf2_beacons_listener.py-9] [INFO] [1757399478.909895486] [tf2_beacons_listener]: sampling data count = 72
[cartographer_node-2] [INFO] [1757399478.966062352] [cartographer logger]: I0909 06:31:18.000000   122 pose_graph_2d.cc:400] ComputeConstraintsForNode: ComputeConstraint for Node (num_scan_points = 620, average_scan_range = 22.9986, median_scan_range = 19.2887)
[cartographer_node-2] [INFO] [1757399479.196798472] [cartographer logger]: I0909 06:31:19.000000   121 pose_graph_2d.cc:400] ComputeConstraintsForNode: ComputeConstraint for Node (num_scan_points = 614, average_scan_range = 23.0747, median_scan_range = 19.5079)
[cartographer_node-2] [INFO] [1757399479.498495273] [cartographer logger]: I0909 06:31:19.000000   121 pose_graph_2d.cc:400] ComputeConstraintsForNode: ComputeConstraint for Node (num_scan_points = 631, average_scan_range = 23.1269, median_scan_range = 19.6212)
[cartographer_node-2] [INFO] [1757399479.755359124] [cartographer logger]: I0909 06:31:19.000000   120 pose_graph_2d.cc:400] ComputeConstraintsForNode: ComputeConstraint for Node (num_scan_points = 649, average_scan_range = 22.6739, median_scan_range = 19.2208)
[tf2_beacons_listener.py-9] [INFO] [1757399479.899751061] [tf2_beacons_listener]: sampling data count = 73
[cartographer_node-2] [INFO] [1757399479.965200953] [cartographer logger]: I0909 06:31:19.000000   119 pose_graph_2d.cc:400] ComputeConstraintsForNode: ComputeConstraint for Node (num_scan_points = 624, average_scan_range = 23.1024, median_scan_range = 19.8898)
[cartographer_node-2] [INFO] [1757399480.242908404] [cartographer logger]: I0909 06:31:20.000000   125 pose_graph_2d.cc:400] ComputeConstraintsForNode: ComputeConstraint for Node (num_scan_points = 619, average_scan_range = 23.0147, median_scan_range = 20.2416)
[cartographer_node-2] [INFO] [1757399480.473862640] [cartographer logger]: I0909 06:31:20.000000   122 pose_graph_2d.cc:400] ComputeConstraintsForNode: ComputeConstraint for Node (num_scan_points = 613, average_scan_range = 23.2008, median_scan_range = 20.1257)
[cartographer_node-2] [INFO] [1757399480.692415110] [cartographer logger]: I0909 06:31:20.000000   121 pose_graph_2d.cc:400] ComputeConstraintsForNode: ComputeConstraint for Node (num_scan_points = 627, average_scan_range = 22.7888, median_scan_range = 20.1938)
[cartographer_node-2] [INFO] [1757399480.852883617] [cartographer logger]: I0909 06:31:20.000000   124 pose_graph_2d.cc:400] ComputeConstraintsForNode: ComputeConstraint for Node (num_scan_points = 603, average_scan_range = 23.2771, median_scan_range = 20.5611)
[tf2_beacons_listener.py-9] [INFO] [1757399480.909793781] [tf2_beacons_listener]: sampling data count = 74
[tf2_beacons_listener.py-9] [INFO] [1757399480.964719740] [tf2_beacons_listener]: TrajectoryRecorder.timer_callback called
[tf2_beacons_listener.py-9] [INFO] [1757399480.979166854] [tf2_beacons_listener]: TrajectoryRecorder.call_trajectory_query.done_callback called.
[tf2_beacons_listener.py-9] [INFO] [1757399480.979470630] [tf2_beacons_listener]: status=cartographer_ros_msgs.msg.StatusResponse(code=0, message='Retrieved 320 trajectory nodes from trajectory 0.')
[cartographer_node-2] [INFO] [1757399481.261653042] [cartographer logger]: I0909 06:31:21.000000   123 pose_graph_2d.cc:400] ComputeConstraintsForNode: ComputeConstraint for Node (num_scan_points = 568, average_scan_range = 23.5317, median_scan_range = 20.8341)
[cartographer_node-2] [INFO] [1757399481.460930418] [cartographer logger]: I0909 06:31:21.000000   120 pose_graph_2d.cc:400] ComputeConstraintsForNode: ComputeConstraint for Node (num_scan_points = 559, average_scan_range = 23.3251, median_scan_range = 20.9017)
[cartographer_node-2] [INFO] [1757399481.674675585] [cartographer logger]: I0909 06:31:21.000000   119 pose_graph_2d.cc:400] ComputeConstraintsForNode: ComputeConstraint for Node (num_scan_points = 564, average_scan_range = 23.1585, median_scan_range = 21.0792)
[cartographer_node-2] [INFO] [1757399481.891477095] [cartographer logger]: I0909 06:31:21.000000   125 pose_graph_2d.cc:400] ComputeConstraintsForNode: ComputeConstraint for Node (num_scan_points = 552, average_scan_range = 23.3488, median_scan_range = 21.1706)
[tf2_beacons_listener.py-9] [INFO] [1757399481.909629113] [tf2_beacons_listener]: sampling data count = 75
[cartographer_node-2] [INFO] [1757399482.151562243] [cartographer logger]: I0909 06:31:22.000000   124 pose_graph_2d.cc:400] ComputeConstraintsForNode: ComputeConstraint for Node (num_scan_points = 554, average_scan_range = 23.1821, median_scan_range = 21.327)
[cartographer_node-2] [INFO] [1757399482.371765992] [cartographer logger]: I0909 06:31:22.000000   123 pose_graph_2d.cc:400] ComputeConstraintsForNode: ComputeConstraint for Node (num_scan_points = 551, average_scan_range = 23.1361, median_scan_range = 21.4543)
[cartographer_node-2] [INFO] [1757399482.563193085] [cartographer logger]: I0909 06:31:22.000000   120 pose_graph_2d.cc:400] ComputeConstraintsForNode: ComputeConstraint for Node (num_scan_points = 571, average_scan_range = 22.9926, median_scan_range = 21.6192)
[cartographer_node-2] [INFO] [1757399482.790815689] [cartographer logger]: I0909 06:31:22.000000   119 pose_graph_2d.cc:400] ComputeConstraintsForNode: ComputeConstraint for Node (num_scan_points = 556, average_scan_range = 23.2043, median_scan_range = 21.8051)
[cartographer_node-2] [INFO] [1757399482.940799982] [cartographer logger]: I0909 06:31:22.000000   121 pose_graph_2d.cc:400] ComputeConstraintsForNode: ComputeConstraint for Node (num_scan_points = 537, average_scan_range = 23.0769, median_scan_range = 21.8054)
[tf2_beacons_listener.py-9] [INFO] [1757399483.089818452] [tf2_beacons_listener]: dummy fingerprint data created at t=292.91272573500004, x=39.65908420383546, y=11.905894034549164
[cartographer_node-2] [INFO] [1757399483.159744905] [cartographer logger]: I0909 06:31:23.000000   124 pose_graph_2d.cc:400] ComputeConstraintsForNode: ComputeConstraint for Node (num_scan_points = 540, average_scan_range = 23.0657, median_scan_range = 22.0056)
[cartographer_node-2] [INFO] [1757399483.386638706] [cartographer logger]: I0909 06:31:23.000000   123 pose_graph_2d.cc:400] ComputeConstraintsForNode: ComputeConstraint for Node (num_scan_points = 539, average_scan_range = 23.0924, median_scan_range = 22.1561)
[cartographer_node-2] [INFO] [1757399483.761701309] [cartographer logger]: I0909 06:31:23.000000   120 pose_graph_2d.cc:400] ComputeConstraintsForNode: ComputeConstraint for Node (num_scan_points = 539, average_scan_range = 23.3473, median_scan_range = 22.5592)
[tf2_beacons_listener.py-9] [INFO] [1757399483.910394685] [tf2_beacons_listener]: sampling data count = 76
[cartographer_node-2] [INFO] [1757399483.990564214] [cartographer logger]: I0909 06:31:23.000000   119 pose_graph_2d.cc:400] ComputeConstraintsForNode: ComputeConstraint for Node (num_scan_points = 540, average_scan_range = 23.1273, median_scan_range = 22.7791)
[cartographer_node-2] [INFO] [1757399484.286397106] [cartographer logger]: I0909 06:31:24.000000   125 pose_graph_2d.cc:400] ComputeConstraintsForNode: ComputeConstraint for Node (num_scan_points = 518, average_scan_range = 23.0591, median_scan_range = 22.186)
[cartographer_node-2] [INFO] [1757399484.469435251] [cartographer logger]: I0909 06:31:24.000000   124 pose_graph_2d.cc:400] ComputeConstraintsForNode: ComputeConstraint for Node (num_scan_points = 526, average_scan_range = 23.2006, median_scan_range = 22.0288)
[cartographer_node-2] [INFO] [1757399484.704305424] [cartographer logger]: I0909 06:31:24.000000   123 pose_graph_2d.cc:400] ComputeConstraintsForNode: ComputeConstraint for Node (num_scan_points = 521, average_scan_range = 23.2723, median_scan_range = 21.9207)
[tracked_pose_listener.py-10] [INFO] [1757399484.705762452] [tracked_pose_listener]: tracked_pose messages received at 6.69 Hz (total count=  613). current tracked_pose = [294.443, 'map', 39.659364428873, 13.620155840864571, 0.0, 0.00037148683812733856, -0.0004462113084115129, 0.7069125920765819, 0.7073006786767319]
[cartographer_node-2] [INFO] [1757399484.887535407] [cartographer logger]: I0909 06:31:24.000000   120 pose_graph_2d.cc:400] ComputeConstraintsForNode: ComputeConstraint for Node (num_scan_points = 520, average_scan_range = 23.1376, median_scan_range = 22.1266)
[tf2_beacons_listener.py-9] [INFO] [1757399484.909726686] [tf2_beacons_listener]: sampling data count = 77
[cartographer_node-2] [INFO] [1757399485.050304914] [cartographer logger]: I0909 06:31:25.000000   119 pose_graph_2d.cc:400] ComputeConstraintsForNode: ComputeConstraint for Node (num_scan_points = 526, average_scan_range = 23.1459, median_scan_range = 21.92)
[cartographer_node-2] [INFO] [1757399485.314384163] [cartographer logger]: I0909 06:31:25.000000   121 pose_graph_2d.cc:400] ComputeConstraintsForNode: ComputeConstraint for Node (num_scan_points = 517, average_scan_range = 23.0532, median_scan_range = 21.6681)
[cartographer_node-2] [INFO] [1757399485.561251601] [cartographer logger]: I0909 06:31:25.000000   119 pose_graph_2d.cc:400] ComputeConstraintsForNode: ComputeConstraint for Node (num_scan_points = 532, average_scan_range = 23.1292, median_scan_range = 21.8885)
[cartographer_node-2] [INFO] [1757399485.769782138] [cartographer logger]: I0909 06:31:25.000000   121 pose_graph_2d.cc:400] ComputeConstraintsForNode: ComputeConstraint for Node (num_scan_points = 517, average_scan_range = 22.9048, median_scan_range = 21.4255)
[tf2_beacons_listener.py-9] [INFO] [1757399485.910375198] [tf2_beacons_listener]: sampling data count = 78
[cartographer_node-2] [INFO] [1757399486.041250738] [cartographer logger]: I0909 06:31:26.000000    73 collated_trajectory_builder.cc:81] imu rate: 86.37 Hz 1.16e-02 s +/- 4.42e-03 s (pulsed at 99.74% real time)
[cartographer_node-2] [INFO] [1757399486.041279301] [cartographer logger]: I0909 06:31:26.000000    73 collated_trajectory_builder.cc:81] points2 rate: 7.35 Hz 1.36e-01 s +/- 9.29e-02 s (pulsed at 100.00% real time)
[cartographer_node-2] [INFO] [1757399486.079185644] [cartographer logger]: I0909 06:31:26.000000   124 pose_graph_2d.cc:400] ComputeConstraintsForNode: ComputeConstraint for Node (num_scan_points = 525, average_scan_range = 22.9448, median_scan_range = 21.4509)
[cartographer_node-2] [INFO] [1757399486.262887959] [cartographer logger]: I0909 06:31:26.000000   123 pose_graph_2d.cc:400] ComputeConstraintsForNode: ComputeConstraint for Node (num_scan_points = 526, average_scan_range = 22.8397, median_scan_range = 21.7566)
[cartographer_node-2] [INFO] [1757399486.571713138] [cartographer logger]: I0909 06:31:26.000000   120 pose_graph_2d.cc:400] ComputeConstraintsForNode: ComputeConstraint for Node (num_scan_points = 514, average_scan_range = 22.8949, median_scan_range = 21.3437)
[cartographer_node-2] [INFO] [1757399486.758518738] [cartographer logger]: I0909 06:31:26.000000   119 pose_graph_2d.cc:400] ComputeConstraintsForNode: ComputeConstraint for Node (num_scan_points = 516, average_scan_range = 22.7654, median_scan_range = 21.5661)
[tf2_beacons_listener.py-9] [INFO] [1757399486.899670093] [tf2_beacons_listener]: sampling data count = 79
[cartographer_node-2] [INFO] [1757399486.991539127] [cartographer logger]: I0909 06:31:26.000000   121 pose_graph_2d.cc:400] ComputeConstraintsForNode: ComputeConstraint for Node (num_scan_points = 516, average_scan_range = 22.8498, median_scan_range = 21.4701)
[cartographer_node-2] [INFO] [1757399487.289493594] [cartographer logger]: I0909 06:31:27.000000   120 pose_graph_2d.cc:400] ComputeConstraintsForNode: ComputeConstraint for Node (num_scan_points = 511, average_scan_range = 22.8429, median_scan_range = 21.452)
[cartographer_node-2] [INFO] [1757399487.582797364] [cartographer logger]: I0909 06:31:27.000000   122 pose_graph_2d.cc:400] ComputeConstraintsForNode: ComputeConstraint for Node (num_scan_points = 500, average_scan_range = 22.271, median_scan_range = 20.6444)
[tf2_beacons_listener.py-9] [INFO] [1757399487.910097553] [tf2_beacons_listener]: sampling data count = 80
[cartographer_node-2] [INFO] [1757399488.287019336] [cartographer logger]: I0909 06:31:28.000000   123 pose_graph_2d.cc:400] ComputeConstraintsForNode: ComputeConstraint for Node (num_scan_points = 494, average_scan_range = 22.2529, median_scan_range = 20.507)
[cartographer_node-2] [INFO] [1757399488.481460919] [cartographer logger]: I0909 06:31:28.000000   120 pose_graph_2d.cc:400] ComputeConstraintsForNode: ComputeConstraint for Node (num_scan_points = 497, average_scan_range = 22.1055, median_scan_range = 20.1774)
[cartographer_node-2] [INFO] [1757399488.787697609] [cartographer logger]: I0909 06:31:28.000000   122 pose_graph_2d.cc:400] ComputeConstraintsForNode: ComputeConstraint for Node (num_scan_points = 502, average_scan_range = 22.153, median_scan_range = 20.4104)
[tf2_beacons_listener.py-9] [INFO] [1757399488.909759985] [tf2_beacons_listener]: sampling data count = 81
[cartographer_node-2] [INFO] [1757399489.339099540] [cartographer logger]: I0909 06:31:29.000000   121 pose_graph_2d.cc:400] ComputeConstraintsForNode: ComputeConstraint for Node (num_scan_points = 514, average_scan_range = 22.4669, median_scan_range = 21.5797)
[cartographer_node-2] [INFO] [1757399489.557981382] [cartographer logger]: I0909 06:31:29.000000   124 pose_graph_2d.cc:400] ComputeConstraintsForNode: ComputeConstraint for Node (num_scan_points = 522, average_scan_range = 22.2644, median_scan_range = 21.7731)
[cartographer_node-2] [INFO] [1757399489.798144116] [cartographer logger]: I0909 06:31:29.000000   121 pose_graph_2d.cc:400] ComputeConstraintsForNode: ComputeConstraint for Node (num_scan_points = 524, average_scan_range = 22.1026, median_scan_range = 21.7091)
[tf2_beacons_listener.py-9] [INFO] [1757399490.090079312] [tf2_beacons_listener]: dummy fingerprint data created at t=299.913255945, x=39.66430166064645, y=19.18486088152124
[cartographer_node-2] [INFO] [1757399490.150859717] [cartographer logger]: I0909 06:31:30.000000   120 pose_graph_2d.cc:400] ComputeConstraintsForNode: ComputeConstraint for Node (num_scan_points = 525, average_scan_range = 21.9874, median_scan_range = 21.3039)
[cartographer_node-2] [INFO] [1757399490.360959360] [cartographer logger]: I0909 06:31:30.000000   119 pose_graph_2d.cc:400] ComputeConstraintsForNode: ComputeConstraint for Node (num_scan_points = 522, average_scan_range = 21.8768, median_scan_range = 21.0781)
[cartographer_node-2] [INFO] [1757399490.650500619] [cartographer logger]: I0909 06:31:30.000000   120 pose_graph_2d.cc:400] ComputeConstraintsForNode: ComputeConstraint for Node (num_scan_points = 556, average_scan_range = 21.8133, median_scan_range = 20.8238)
[cartographer_node-2] [INFO] [1757399490.888694188] [cartographer logger]: I0909 06:31:30.000000   124 pose_graph_2d.cc:400] ComputeConstraintsForNode: ComputeConstraint for Node (num_scan_points = 526, average_scan_range = 21.8325, median_scan_range = 20.5712)
[tf2_beacons_listener.py-9] [INFO] [1757399490.909790339] [tf2_beacons_listener]: sampling data count = 82
[tf2_beacons_listener.py-9] [INFO] [1757399490.965119171] [tf2_beacons_listener]: TrajectoryRecorder.timer_callback called
[tf2_beacons_listener.py-9] [INFO] [1757399490.988958752] [tf2_beacons_listener]: TrajectoryRecorder.call_trajectory_query.done_callback called.
[tf2_beacons_listener.py-9] [INFO] [1757399490.989532285] [tf2_beacons_listener]: status=cartographer_ros_msgs.msg.StatusResponse(code=0, message='Retrieved 358 trajectory nodes from trajectory 0.')
[cartographer_node-2] [INFO] [1757399491.459666044] [cartographer logger]: I0909 06:31:31.000000   119 pose_graph_2d.cc:400] ComputeConstraintsForNode: ComputeConstraint for Node (num_scan_points = 540, average_scan_range = 21.9357, median_scan_range = 20.0258)
[cartographer_node-2] [INFO] [1757399491.795577875] [cartographer logger]: I0909 06:31:31.000000   125 pose_graph_2d.cc:400] ComputeConstraintsForNode: ComputeConstraint for Node (num_scan_points = 544, average_scan_range = 21.6952, median_scan_range = 19.7035)
[tf2_beacons_listener.py-9] [INFO] [1757399491.899747904] [tf2_beacons_listener]: sampling data count = 83
[cartographer_node-2] [INFO] [1757399491.965076856] [cartographer logger]: I0909 06:31:31.000000   123 constraint_builder_2d.cc:282] Node (0, 115) with 553 points on submap (0, 2) differs by translation 0.02 rotation 0.000 with score 82.8%.
[cartographer_node-2] [INFO] [1757399491.967311129] [cartographer logger]: I0909 06:31:31.000000   119 constraint_builder_2d.cc:282] Node (0, 148) with 561 points on submap (0, 2) differs by translation 0.01 rotation 0.000 with score 85.8%.
[cartographer_node-2] [INFO] [1757399492.382358294] [cartographer logger]: I0909 06:31:32.000000    73 pose_graph_2d.cc:149] Inserted submap (0, 4).
[cartographer_node-2] [INFO] [1757399492.382616679] [cartographer logger]: I0909 06:31:32.000000   120 pose_graph_2d.cc:400] ComputeConstraintsForNode: ComputeConstraint for Node (num_scan_points = 560, average_scan_range = 21.8319, median_scan_range = 19.2537)
[cartographer_node-2] [INFO] [1757399492.675639795] [cartographer logger]: I0909 06:31:32.000000   119 pose_graph_2d.cc:400] ComputeConstraintsForNode: ComputeConstraint for Node (num_scan_points = 542, average_scan_range = 21.6166, median_scan_range = 18.983)
[tf2_beacons_listener.py-9] [INFO] [1757399492.910332481] [tf2_beacons_listener]: sampling data count = 84
[cartographer_node-2] [INFO] [1757399492.985845641] [cartographer logger]: I0909 06:31:32.000000   121 pose_graph_2d.cc:400] ComputeConstraintsForNode: ComputeConstraint for Node (num_scan_points = 558, average_scan_range = 21.6917, median_scan_range = 18.9804)
[cartographer_node-2] [INFO] [1757399493.178707702] [cartographer logger]: I0909 06:31:33.000000   124 pose_graph_2d.cc:400] ComputeConstraintsForNode: ComputeConstraint for Node (num_scan_points = 530, average_scan_range = 21.8043, median_scan_range = 18.6891)
[cartographer_node-2] [INFO] [1757399493.458246744] [cartographer logger]: I0909 06:31:33.000000   119 pose_graph_2d.cc:400] ComputeConstraintsForNode: ComputeConstraint for Node (num_scan_points = 553, average_scan_range = 21.6917, median_scan_range = 18.6218)
[cartographer_node-2] [INFO] [1757399493.458275597] [cartographer logger]: I0909 06:31:33.000000   119 pose_graph_2d.cc:574] Remaining work items in queue: 0
[cartographer_node-2] [INFO] [1757399493.458282482] [cartographer logger]: I0909 06:31:33.000000   119 constraint_builder_2d.cc:297] 2 computations resulted in 2 additional constraints.
[cartographer_node-2] [INFO] [1757399493.458301855] [cartographer logger]: I0909 06:31:33.000000   119 constraint_builder_2d.cc:299] Score histogram:
[cartographer_node-2] Count: 3  Min: 0.814133  Max: 0.858041  Mean: 0.833318
[cartographer_node-2] [0.814133, 0.818524)	             #######	Count: 1 (33.3333%)	Total: 1 (33.3333%)
[cartographer_node-2] [0.818524, 0.822915)	                    	Count: 0 (0%)	Total: 1 (33.3333%)
[cartographer_node-2] [0.822915, 0.827306)	                    	Count: 0 (0%)	Total: 1 (33.3333%)
[cartographer_node-2] [0.827306, 0.831697)	             #######	Count: 1 (33.3333%)	Total: 2 (66.6667%)
[cartographer_node-2] [0.831697, 0.836087)	                    	Count: 0 (0%)	Total: 2 (66.6667%)
[cartographer_node-2] [0.836087, 0.840478)	                    	Count: 0 (0%)	Total: 2 (66.6667%)
[cartographer_node-2] [0.840478, 0.844869)	                    	Count: 0 (0%)	Total: 2 (66.6667%)
[cartographer_node-2] [0.844869, 0.849260)	                    	Count: 0 (0%)	Total: 2 (66.6667%)
[cartographer_node-2] [0.849260, 0.853651)	                    	Count: 0 (0%)	Total: 2 (66.6667%)
[cartographer_node-2] [0.853651, 0.858041]	             #######	Count: 1 (33.3333%)	Total: 3 (100%)
[cartographer_node-2] [INFO] [1757399493.649506065] [cartographer logger]: I0909 06:31:33.000000   125 pose_graph_2d.cc:400] ComputeConstraintsForNode: ComputeConstraint for Node (num_scan_points = 528, average_scan_range = 21.7526, median_scan_range = 18.365)
[tf2_beacons_listener.py-9] [INFO] [1757399494.090466905] [tf2_beacons_listener]: dummy fingerprint data created at t=303.913526224, x=39.657672129466285, y=23.34141900126975
[cartographer_node-2] [INFO] [1757399494.368792802] [cartographer logger]: I0909 06:31:34.000000   119 pose_graph_2d.cc:400] ComputeConstraintsForNode: ComputeConstraint for Node (num_scan_points = 548, average_scan_range = 21.632, median_scan_range = 18.1773)
[cartographer_node-2] [INFO] [1757399494.557757965] [cartographer logger]: I0909 06:31:34.000000   125 pose_graph_2d.cc:400] ComputeConstraintsForNode: ComputeConstraint for Node (num_scan_points = 530, average_scan_range = 21.8826, median_scan_range = 17.8043)
[cartographer_node-2] [INFO] [1757399494.786638726] [cartographer logger]: I0909 06:31:34.000000   120 pose_graph_2d.cc:400] ComputeConstraintsForNode: ComputeConstraint for Node (num_scan_points = 527, average_scan_range = 21.8568, median_scan_range = 17.733)
[tracked_pose_listener.py-10] [INFO] [1757399494.787635677] [tracked_pose_listener]: tracked_pose messages received at 6.71 Hz (total count=  682). current tracked_pose = [304.553, 'map', 39.659380418479614, 24.446249468880602, 0.0, -8.424838515029718e-05, 9.436085976507333e-05, 0.7068602161443469, 0.7073532489715482]
[tf2_beacons_listener.py-9] [INFO] [1757399494.899662633] [tf2_beacons_listener]: sampling data count = 85
[cartographer_node-2] [INFO] [1757399495.268899222] [cartographer logger]: I0909 06:31:35.000000   123 pose_graph_2d.cc:400] ComputeConstraintsForNode: ComputeConstraint for Node (num_scan_points = 530, average_scan_range = 21.8923, median_scan_range = 17.5575)
[cartographer_node-2] [INFO] [1757399495.760371666] [cartographer logger]: I0909 06:31:35.000000   121 pose_graph_2d.cc:400] ComputeConstraintsForNode: ComputeConstraint for Node (num_scan_points = 532, average_scan_range = 21.9434, median_scan_range = 17.3207)
[tf2_beacons_listener.py-9] [INFO] [1757399495.909697233] [tf2_beacons_listener]: sampling data count = 86
[cartographer_node-2] [INFO] [1757399495.982608636] [cartographer logger]: I0909 06:31:35.000000   119 pose_graph_2d.cc:400] ComputeConstraintsForNode: ComputeConstraint for Node (num_scan_points = 529, average_scan_range = 21.9731, median_scan_range = 17.3059)
[cartographer_node-2] [INFO] [1757399496.283837639] [cartographer logger]: I0909 06:31:36.000000   121 pose_graph_2d.cc:400] ComputeConstraintsForNode: ComputeConstraint for Node (num_scan_points = 559, average_scan_range = 21.6714, median_scan_range = 16.9839)
[cartographer_node-2] [INFO] [1757399496.458831544] [cartographer logger]: I0909 06:31:36.000000   119 pose_graph_2d.cc:400] ComputeConstraintsForNode: ComputeConstraint for Node (num_scan_points = 527, average_scan_range = 22.1507, median_scan_range = 17.3358)
[cartographer_node-2] [INFO] [1757399496.858904903] [cartographer logger]: I0909 06:31:36.000000   123 pose_graph_2d.cc:400] ComputeConstraintsForNode: ComputeConstraint for Node (num_scan_points = 532, average_scan_range = 22.2482, median_scan_range = 17.3393)
[tf2_beacons_listener.py-9] [INFO] [1757399496.909649567] [tf2_beacons_listener]: sampling data count = 87
[cartographer_node-2] [INFO] [1757399497.059709895] [cartographer logger]: I0909 06:31:37.000000   120 pose_graph_2d.cc:400] ComputeConstraintsForNode: ComputeConstraint for Node (num_scan_points = 542, average_scan_range = 22.7283, median_scan_range = 17.4727)
[cartographer_node-2] [INFO] [1757399497.368610365] [cartographer logger]: I0909 06:31:37.000000   123 pose_graph_2d.cc:400] ComputeConstraintsForNode: ComputeConstraint for Node (num_scan_points = 538, average_scan_range = 22.39, median_scan_range = 17.3713)
[cartographer_node-2] [INFO] [1757399497.770990408] [cartographer logger]: I0909 06:31:37.000000   121 pose_graph_2d.cc:400] ComputeConstraintsForNode: ComputeConstraint for Node (num_scan_points = 560, average_scan_range = 21.3461, median_scan_range = 16.961)
[tf2_beacons_listener.py-9] [INFO] [1757399498.090440243] [tf2_beacons_listener]: dummy fingerprint data created at t=307.91373104800005, x=39.62419962082384, y=27.638993543042208
[cartographer_node-2] [INFO] [1757399498.548141347] [cartographer logger]: I0909 06:31:38.000000   122 pose_graph_2d.cc:400] ComputeConstraintsForNode: ComputeConstraint for Node (num_scan_points = 558, average_scan_range = 23.0958, median_scan_range = 17.5863)
[cartographer_node-2] [INFO] [1757399498.871220936] [cartographer logger]: I0909 06:31:38.000000   120 pose_graph_2d.cc:400] ComputeConstraintsForNode: ComputeConstraint for Node (num_scan_points = 557, average_scan_range = 23.2553, median_scan_range = 17.6177)
[tf2_beacons_listener.py-9] [INFO] [1757399498.910056720] [tf2_beacons_listener]: sampling data count = 88
[cartographer_node-2] [INFO] [1757399498.952674268] [cartographer logger]: I0909 06:31:38.000000   124 pose_graph_2d.cc:400] ComputeConstraintsForNode: ComputeConstraint for Node (num_scan_points = 557, average_scan_range = 22.9518, median_scan_range = 17.622)
[cartographer_node-2] [INFO] [1757399499.051328633] [cartographer logger]: I0909 06:31:39.000000   125 pose_graph_2d.cc:400] ComputeConstraintsForNode: ComputeConstraint for Node (num_scan_points = 577, average_scan_range = 23.2675, median_scan_range = 17.5196)
[cartographer_node-2] [INFO] [1757399499.151627582] [cartographer logger]: I0909 06:31:39.000000   119 pose_graph_2d.cc:400] ComputeConstraintsForNode: ComputeConstraint for Node (num_scan_points = 572, average_scan_range = 23.1905, median_scan_range = 17.4339)
[cartographer_node-2] [INFO] [1757399499.291227995] [cartographer logger]: I0909 06:31:39.000000   121 pose_graph_2d.cc:400] ComputeConstraintsForNode: ComputeConstraint for Node (num_scan_points = 571, average_scan_range = 22.9295, median_scan_range = 17.3654)
[cartographer_node-2] [INFO] [1757399499.370387026] [cartographer logger]: I0909 06:31:39.000000   122 pose_graph_2d.cc:400] ComputeConstraintsForNode: ComputeConstraint for Node (num_scan_points = 573, average_scan_range = 22.7521, median_scan_range = 17.3878)
[cartographer_node-2] [INFO] [1757399499.668595135] [cartographer logger]: I0909 06:31:39.000000   120 pose_graph_2d.cc:400] ComputeConstraintsForNode: ComputeConstraint for Node (num_scan_points = 581, average_scan_range = 22.0414, median_scan_range = 17.0363)
[cartographer_node-2] [INFO] [1757399499.852684907] [cartographer logger]: I0909 06:31:39.000000   119 pose_graph_2d.cc:400] ComputeConstraintsForNode: ComputeConstraint for Node (num_scan_points = 587, average_scan_range = 22.9427, median_scan_range = 17.1522)
[tf2_beacons_listener.py-9] [INFO] [1757399499.909728844] [tf2_beacons_listener]: sampling data count = 89
[cartographer_node-2] [INFO] [1757399499.960541134] [cartographer logger]: I0909 06:31:39.000000   125 pose_graph_2d.cc:400] ComputeConstraintsForNode: ComputeConstraint for Node (num_scan_points = 586, average_scan_range = 21.9467, median_scan_range = 16.9995)
[cartographer_node-2] [INFO] [1757399500.061056947] [cartographer logger]: I0909 06:31:40.000000   122 pose_graph_2d.cc:400] ComputeConstraintsForNode: ComputeConstraint for Node (num_scan_points = 588, average_scan_range = 23.6401, median_scan_range = 17.5209)
[cartographer_node-2] [INFO] [1757399500.199322662] [cartographer logger]: I0909 06:31:40.000000   120 pose_graph_2d.cc:400] ComputeConstraintsForNode: ComputeConstraint for Node (num_scan_points = 570, average_scan_range = 23.896, median_scan_range = 17.7296)
[cartographer_node-2] [INFO] [1757399500.270857092] [cartographer logger]: I0909 06:31:40.000000   123 pose_graph_2d.cc:400] ComputeConstraintsForNode: ComputeConstraint for Node (num_scan_points = 580, average_scan_range = 23.4905, median_scan_range = 17.4073)
[cartographer_node-2] [INFO] [1757399500.359783119] [cartographer logger]: I0909 06:31:40.000000   124 pose_graph_2d.cc:400] ComputeConstraintsForNode: ComputeConstraint for Node (num_scan_points = 590, average_scan_range = 22.6366, median_scan_range = 17.0517)
[cartographer_node-2] [INFO] [1757399500.493977336] [cartographer logger]: I0909 06:31:40.000000   125 pose_graph_2d.cc:400] ComputeConstraintsForNode: ComputeConstraint for Node (num_scan_points = 584, average_scan_range = 23.505, median_scan_range = 17.381)
[cartographer_node-2] [INFO] [1757399500.670480093] [cartographer logger]: I0909 06:31:40.000000   124 pose_graph_2d.cc:400] ComputeConstraintsForNode: ComputeConstraint for Node (num_scan_points = 579, average_scan_range = 23.6251, median_scan_range = 17.5724)
[tf2_beacons_listener.py-9] [INFO] [1757399500.965830696] [tf2_beacons_listener]: TrajectoryRecorder.timer_callback called
[tf2_beacons_listener.py-9] [INFO] [1757399500.976876142] [tf2_beacons_listener]: TrajectoryRecorder.call_trajectory_query.done_callback called.
[tf2_beacons_listener.py-9] [INFO] [1757399500.977184327] [tf2_beacons_listener]: status=cartographer_ros_msgs.msg.StatusResponse(code=0, message='Retrieved 394 trajectory nodes from trajectory 0.')
[cartographer_node-2] [INFO] [1757399501.073887433] [cartographer logger]: I0909 06:31:41.000000   125 pose_graph_2d.cc:400] ComputeConstraintsForNode: ComputeConstraint for Node (num_scan_points = 560, average_scan_range = 23.8395, median_scan_range = 17.7163)
[tf2_beacons_listener.py-9] [INFO] [1757399501.090793960] [tf2_beacons_listener]: dummy fingerprint data created at t=310.91396649700005, x=37.65768760090584, y=30.466887718170952
[cartographer_node-2] [INFO] [1757399501.354549066] [cartographer logger]: I0909 06:31:41.000000    73 collated_trajectory_builder.cc:81] imu rate: 87.70 Hz 1.14e-02 s +/- 3.77e-03 s (pulsed at 99.84% real time)
[cartographer_node-2] [INFO] [1757399501.354573318] [cartographer logger]: I0909 06:31:41.000000    73 collated_trajectory_builder.cc:81] points2 rate: 6.07 Hz 1.65e-01 s +/- 1.38e-01 s (pulsed at 100.00% real time)
[cartographer_node-2] [INFO] [1757399501.395491233] [cartographer logger]: I0909 06:31:41.000000   119 pose_graph_2d.cc:400] ComputeConstraintsForNode: ComputeConstraint for Node (num_scan_points = 550, average_scan_range = 23.8202, median_scan_range = 17.5568)
[tf2_beacons_listener.py-9] [INFO] [1757399501.899872855] [tf2_beacons_listener]: sampling data count = 90
[cartographer_node-2] [INFO] [1757399502.068156454] [cartographer logger]: I0909 06:31:42.000000   125 pose_graph_2d.cc:400] ComputeConstraintsForNode: ComputeConstraint for Node (num_scan_points = 592, average_scan_range = 23.1129, median_scan_range = 17.1497)
[cartographer_node-2] [INFO] [1757399502.154619010] [cartographer logger]: I0909 06:31:42.000000   124 pose_graph_2d.cc:400] ComputeConstraintsForNode: ComputeConstraint for Node (num_scan_points = 579, average_scan_range = 22.793, median_scan_range = 17.1418)
[cartographer_node-2] [INFO] [1757399502.265073276] [cartographer logger]: I0909 06:31:42.000000   121 pose_graph_2d.cc:400] ComputeConstraintsForNode: ComputeConstraint for Node (num_scan_points = 591, average_scan_range = 23.6852, median_scan_range = 17.7023)
[cartographer_node-2] [INFO] [1757399502.376597801] [cartographer logger]: I0909 06:31:42.000000   122 pose_graph_2d.cc:400] ComputeConstraintsForNode: ComputeConstraint for Node (num_scan_points = 604, average_scan_range = 23.454, median_scan_range = 17.4851)
[cartographer_node-2] [INFO] [1757399502.596475249] [cartographer logger]: I0909 06:31:42.000000   121 pose_graph_2d.cc:400] ComputeConstraintsForNode: ComputeConstraint for Node (num_scan_points = 574, average_scan_range = 23.4344, median_scan_range = 17.7773)
[cartographer_node-2] [INFO] [1757399502.761146426] [cartographer logger]: I0909 06:31:42.000000   124 pose_graph_2d.cc:400] ComputeConstraintsForNode: ComputeConstraint for Node (num_scan_points = 575, average_scan_range = 23.5899, median_scan_range = 17.9362)
[tf2_beacons_listener.py-9] [INFO] [1757399502.899836147] [tf2_beacons_listener]: sampling data count = 91
[cartographer_node-2] [INFO] [1757399503.061083476] [cartographer logger]: I0909 06:31:43.000000   121 pose_graph_2d.cc:400] ComputeConstraintsForNode: ComputeConstraint for Node (num_scan_points = 574, average_scan_range = 23.5034, median_scan_range = 17.8993)
[cartographer_node-2] [INFO] [1757399503.660546697] [cartographer logger]: I0909 06:31:43.000000   122 pose_graph_2d.cc:400] ComputeConstraintsForNode: ComputeConstraint for Node (num_scan_points = 582, average_scan_range = 23.465, median_scan_range = 17.9516)
[cartographer_node-2] [INFO] [1757399503.870859344] [cartographer logger]: I0909 06:31:43.000000   121 pose_graph_2d.cc:400] ComputeConstraintsForNode: ComputeConstraint for Node (num_scan_points = 597, average_scan_range = 23.2429, median_scan_range = 17.893)
[tf2_beacons_listener.py-9] [INFO] [1757399503.899774793] [tf2_beacons_listener]: sampling data count = 92
[cartographer_node-2] [INFO] [1757399504.061411443] [cartographer logger]: I0909 06:31:44.000000   124 pose_graph_2d.cc:400] ComputeConstraintsForNode: ComputeConstraint for Node (num_scan_points = 577, average_scan_range = 23.6403, median_scan_range = 18.4139)
[cartographer_node-2] [INFO] [1757399504.260231358] [cartographer logger]: I0909 06:31:44.000000   125 pose_graph_2d.cc:400] ComputeConstraintsForNode: ComputeConstraint for Node (num_scan_points = 582, average_scan_range = 23.9789, median_scan_range = 18.4885)
[cartographer_node-2] [INFO] [1757399504.456182423] [cartographer logger]: I0909 06:31:44.000000   119 pose_graph_2d.cc:400] ComputeConstraintsForNode: ComputeConstraint for Node (num_scan_points = 577, average_scan_range = 23.8151, median_scan_range = 18.5436)
[cartographer_node-2] [INFO] [1757399504.889479753] [cartographer logger]: I0909 06:31:44.000000   125 pose_graph_2d.cc:400] ComputeConstraintsForNode: ComputeConstraint for Node (num_scan_points = 579, average_scan_range = 23.6969, median_scan_range = 18.7471)
[tracked_pose_listener.py-10] [INFO] [1757399504.890406129] [tracked_pose_listener]: tracked_pose messages received at 6.58 Hz (total count=  736). current tracked_pose = [314.653, 'map', 34.20331590399168, 32.64986291559977, 0.0, 0.00107147566450428, 0.0018163239312673537, 0.9645203846323235, 0.2639999631363459]
[tf2_beacons_listener.py-9] [INFO] [1757399504.909744907] [tf2_beacons_listener]: sampling data count = 93
[cartographer_node-2] [INFO] [1757399505.077016781] [cartographer logger]: I0909 06:31:45.000000   119 pose_graph_2d.cc:400] ComputeConstraintsForNode: ComputeConstraint for Node (num_scan_points = 598, average_scan_range = 23.5932, median_scan_range = 18.8402)
[cartographer_node-2] [INFO] [1757399505.861522011] [cartographer logger]: I0909 06:31:45.000000   124 pose_graph_2d.cc:400] ComputeConstraintsForNode: ComputeConstraint for Node (num_scan_points = 581, average_scan_range = 23.6573, median_scan_range = 19.1943)
[tf2_beacons_listener.py-9] [INFO] [1757399505.909675088] [tf2_beacons_listener]: sampling data count = 94
[cartographer_node-2] [INFO] [1757399506.059199338] [cartographer logger]: I0909 06:31:46.000000   125 pose_graph_2d.cc:400] ComputeConstraintsForNode: ComputeConstraint for Node (num_scan_points = 594, average_scan_range = 23.959, median_scan_range = 19.3102)
[cartographer_node-2] [INFO] [1757399506.361785122] [cartographer logger]: I0909 06:31:46.000000   124 pose_graph_2d.cc:400] ComputeConstraintsForNode: ComputeConstraint for Node (num_scan_points = 588, average_scan_range = 23.5779, median_scan_range = 19.4796)
[cartographer_node-2] [INFO] [1757399506.612162922] [cartographer logger]: I0909 06:31:46.000000   122 pose_graph_2d.cc:400] ComputeConstraintsForNode: ComputeConstraint for Node (num_scan_points = 615, average_scan_range = 23.1147, median_scan_range = 19.3353)
[cartographer_node-2] [INFO] [1757399506.859740363] [cartographer logger]: I0909 06:31:46.000000   125 pose_graph_2d.cc:400] ComputeConstraintsForNode: ComputeConstraint for Node (num_scan_points = 603, average_scan_range = 23.9585, median_scan_range = 19.8689)
[tf2_beacons_listener.py-9] [INFO] [1757399506.909819207] [tf2_beacons_listener]: sampling data count = 95
[cartographer_node-2] [INFO] [1757399506.967678589] [cartographer logger]: I0909 06:31:46.000000   124 pose_graph_2d.cc:400] ComputeConstraintsForNode: ComputeConstraint for Node (num_scan_points = 592, average_scan_range = 23.6997, median_scan_range = 19.764)
[cartographer_node-2] [INFO] [1757399507.170348818] [cartographer logger]: I0909 06:31:47.000000   123 pose_graph_2d.cc:400] ComputeConstraintsForNode: ComputeConstraint for Node (num_scan_points = 612, average_scan_range = 23.273, median_scan_range = 19.8055)
[cartographer_node-2] [INFO] [1757399507.272152482] [cartographer logger]: I0909 06:31:47.000000   119 pose_graph_2d.cc:400] ComputeConstraintsForNode: ComputeConstraint for Node (num_scan_points = 611, average_scan_range = 23.3551, median_scan_range = 19.9294)
[cartographer_node-2] [INFO] [1757399507.404683827] [cartographer logger]: I0909 06:31:47.000000   125 pose_graph_2d.cc:400] ComputeConstraintsForNode: ComputeConstraint for Node (num_scan_points = 610, average_scan_range = 23.3652, median_scan_range = 20.0049)
[cartographer_node-2] [INFO] [1757399507.658475947] [cartographer logger]: I0909 06:31:47.000000   119 pose_graph_2d.cc:400] ComputeConstraintsForNode: ComputeConstraint for Node (num_scan_points = 594, average_scan_range = 20.6002, median_scan_range = 18.0988)
[tf2_beacons_listener.py-9] [INFO] [1757399507.909831556] [tf2_beacons_listener]: sampling data count = 96
[cartographer_node-2] [INFO] [1757399507.972396414] [cartographer logger]: I0909 06:31:47.000000   125 pose_graph_2d.cc:400] ComputeConstraintsForNode: ComputeConstraint for Node (num_scan_points = 605, average_scan_range = 23.2833, median_scan_range = 20.5804)
[cartographer_node-2] [INFO] [1757399508.073165073] [cartographer logger]: I0909 06:31:48.000000   124 pose_graph_2d.cc:400] ComputeConstraintsForNode: ComputeConstraint for Node (num_scan_points = 612, average_scan_range = 23.3356, median_scan_range = 20.6786)
[cartographer_node-2] [INFO] [1757399508.302370702] [cartographer logger]: I0909 06:31:48.000000   125 pose_graph_2d.cc:400] ComputeConstraintsForNode: ComputeConstraint for Node (num_scan_points = 595, average_scan_range = 23.5826, median_scan_range = 20.9145)
[cartographer_node-2] [INFO] [1757399508.771808176] [cartographer logger]: I0909 06:31:48.000000   120 pose_graph_2d.cc:400] ComputeConstraintsForNode: ComputeConstraint for Node (num_scan_points = 596, average_scan_range = 23.5504, median_scan_range = 21.1565)
[tf2_beacons_listener.py-9] [INFO] [1757399508.910058307] [tf2_beacons_listener]: sampling data count = 97
[cartographer_node-2] [INFO] [1757399508.964888402] [cartographer logger]: I0909 06:31:48.000000   122 pose_graph_2d.cc:400] ComputeConstraintsForNode: ComputeConstraint for Node (num_scan_points = 598, average_scan_range = 23.6404, median_scan_range = 21.1781)
[cartographer_node-2] [INFO] [1757399509.372070704] [cartographer logger]: I0909 06:31:49.000000   121 pose_graph_2d.cc:400] ComputeConstraintsForNode: ComputeConstraint for Node (num_scan_points = 607, average_scan_range = 24.0377, median_scan_range = 21.7372)
[cartographer_node-2] [INFO] [1757399509.770903032] [cartographer logger]: I0909 06:31:49.000000   124 pose_graph_2d.cc:400] ComputeConstraintsForNode: ComputeConstraint for Node (num_scan_points = 597, average_scan_range = 23.6805, median_scan_range = 21.2523)
[tf2_beacons_listener.py-9] [INFO] [1757399509.910158005] [tf2_beacons_listener]: sampling data count = 98
[cartographer_node-2] [INFO] [1757399510.058509309] [cartographer logger]: I0909 06:31:50.000000   124 pose_graph_2d.cc:400] ComputeConstraintsForNode: ComputeConstraint for Node (num_scan_points = 605, average_scan_range = 23.7499, median_scan_range = 21.5381)
[cartographer_node-2] [INFO] [1757399510.282452060] [cartographer logger]: I0909 06:31:50.000000   125 pose_graph_2d.cc:400] ComputeConstraintsForNode: ComputeConstraint for Node (num_scan_points = 590, average_scan_range = 23.6244, median_scan_range = 21.0987)
[cartographer_node-2] [INFO] [1757399510.462705760] [cartographer logger]: I0909 06:31:50.000000   119 pose_graph_2d.cc:400] ComputeConstraintsForNode: ComputeConstraint for Node (num_scan_points = 608, average_scan_range = 23.9794, median_scan_range = 22.1266)
[tf2_beacons_listener.py-9] [INFO] [1757399510.910056059] [tf2_beacons_listener]: sampling data count = 99
[tf2_beacons_listener.py-9] [INFO] [1757399510.967115877] [tf2_beacons_listener]: TrajectoryRecorder.timer_callback called
[tf2_beacons_listener.py-9] [INFO] [1757399510.981884681] [tf2_beacons_listener]: TrajectoryRecorder.call_trajectory_query.done_callback called.
[tf2_beacons_listener.py-9] [INFO] [1757399510.982185448] [tf2_beacons_listener]: status=cartographer_ros_msgs.msg.StatusResponse(code=0, message='Retrieved 430 trajectory nodes from trajectory 0.')
[cartographer_node-2] [INFO] [1757399511.185015955] [cartographer logger]: I0909 06:31:51.000000   124 pose_graph_2d.cc:400] ComputeConstraintsForNode: ComputeConstraint for Node (num_scan_points = 575, average_scan_range = 23.7234, median_scan_range = 20.1711)
[cartographer_node-2] [INFO] [1757399511.370940709] [cartographer logger]: I0909 06:31:51.000000   125 pose_graph_2d.cc:400] ComputeConstraintsForNode: ComputeConstraint for Node (num_scan_points = 599, average_scan_range = 23.6144, median_scan_range = 20.0505)
[cartographer_node-2] [INFO] [1757399511.771081016] [cartographer logger]: I0909 06:31:51.000000   119 pose_graph_2d.cc:400] ComputeConstraintsForNode: ComputeConstraint for Node (num_scan_points = 624, average_scan_range = 22.5349, median_scan_range = 18.6133)
[tf2_beacons_listener.py-9] [INFO] [1757399511.899592428] [tf2_beacons_listener]: sampling data count = 100
[cartographer_node-2] [INFO] [1757399512.071579042] [cartographer logger]: I0909 06:31:52.000000   119 pose_graph_2d.cc:400] ComputeConstraintsForNode: ComputeConstraint for Node (num_scan_points = 584, average_scan_range = 23.5972, median_scan_range = 20.3874)
[cartographer_node-2] [INFO] [1757399512.362170212] [cartographer logger]: I0909 06:31:52.000000   123 pose_graph_2d.cc:400] ComputeConstraintsForNode: ComputeConstraint for Node (num_scan_points = 590, average_scan_range = 23.7319, median_scan_range = 20.712)
[cartographer_node-2] [WARN] [1757399512.363202075] [cartographer logger]: W0909 06:31:52.000000    73 sensor_bridge.cpp:311] Ignored Rangefinder message from sensor points2 because sensor time 621355971220330000 is not before last Rangefinder message time 621355971221230000
[cartographer_node-2] [INFO] [1757399512.606819946] [cartographer logger]: I0909 06:31:52.000000   120 pose_graph_2d.cc:400] ComputeConstraintsForNode: ComputeConstraint for Node (num_scan_points = 579, average_scan_range = 23.4575, median_scan_range = 20.2783)
[cartographer_node-2] [INFO] [1757399512.860958181] [cartographer logger]: I0909 06:31:52.000000   124 pose_graph_2d.cc:400] ComputeConstraintsForNode: ComputeConstraint for Node (num_scan_points = 595, average_scan_range = 23.7817, median_scan_range = 21.2386)
[tf2_beacons_listener.py-9] [INFO] [1757399512.899995575] [tf2_beacons_listener]: sampling data count = 101
[cartographer_node-2] [INFO] [1757399513.264751797] [cartographer logger]: I0909 06:31:53.000000   121 pose_graph_2d.cc:400] ComputeConstraintsForNode: ComputeConstraint for Node (num_scan_points = 592, average_scan_range = 23.8164, median_scan_range = 20.7252)
[cartographer_node-2] [INFO] [1757399513.505284089] [cartographer logger]: I0909 06:31:53.000000   124 pose_graph_2d.cc:400] ComputeConstraintsForNode: ComputeConstraint for Node (num_scan_points = 587, average_scan_range = 23.7245, median_scan_range = 20.3016)
[cartographer_node-2] [INFO] [1757399513.664702294] [cartographer logger]: I0909 06:31:53.000000   125 pose_graph_2d.cc:400] ComputeConstraintsForNode: ComputeConstraint for Node (num_scan_points = 576, average_scan_range = 23.3712, median_scan_range = 20.0876)
[cartographer_node-2] [INFO] [1757399513.861145403] [cartographer logger]: I0909 06:31:53.000000   119 pose_graph_2d.cc:400] ComputeConstraintsForNode: ComputeConstraint for Node (num_scan_points = 590, average_scan_range = 23.5891, median_scan_range = 20.5924)
[tf2_beacons_listener.py-9] [INFO] [1757399513.910176664] [tf2_beacons_listener]: sampling data count = 102
[cartographer_node-2] [INFO] [1757399514.371464049] [cartographer logger]: I0909 06:31:54.000000   123 pose_graph_2d.cc:400] ComputeConstraintsForNode: ComputeConstraint for Node (num_scan_points = 596, average_scan_range = 23.909, median_scan_range = 20.8053)
[cartographer_node-2] [INFO] [1757399514.782651420] [cartographer logger]: I0909 06:31:54.000000   121 pose_graph_2d.cc:400] ComputeConstraintsForNode: ComputeConstraint for Node (num_scan_points = 645, average_scan_range = 22.6893, median_scan_range = 18.923)
[cartographer_node-2] [INFO] [1757399514.964725549] [cartographer logger]: I0909 06:31:54.000000   124 pose_graph_2d.cc:400] ComputeConstraintsForNode: ComputeConstraint for Node (num_scan_points = 667, average_scan_range = 21.8362, median_scan_range = 17.7881)
[tracked_pose_listener.py-10] [INFO] [1757399514.965405642] [tracked_pose_listener]: tracked_pose messages received at 6.55 Hz (total count=  799). current tracked_pose = [324.743, 'map', 23.786919129497306, 33.05247796875912, 0.0, 0.0003106762297309384, 0.0022015299228122565, 0.9967984845782827, -0.0799239506576]
[tf2_beacons_listener.py-9] [INFO] [1757399515.091980762] [tf2_beacons_listener]: dummy fingerprint data created at t=324.91508551600003, x=23.681450694111838, y=33.032879118397474
[cartographer_node-2] [INFO] [1757399515.362962314] [cartographer logger]: I0909 06:31:55.000000   125 pose_graph_2d.cc:400] ComputeConstraintsForNode: ComputeConstraint for Node (num_scan_points = 629, average_scan_range = 22.8272, median_scan_range = 19.562)
[cartographer_node-2] [INFO] [1757399515.606192360] [cartographer logger]: I0909 06:31:55.000000   119 pose_graph_2d.cc:400] ComputeConstraintsForNode: ComputeConstraint for Node (num_scan_points = 631, average_scan_range = 22.8275, median_scan_range = 19.2465)
[cartographer_node-2] [INFO] [1757399515.795726105] [cartographer logger]: I0909 06:31:55.000000   123 pose_graph_2d.cc:400] ComputeConstraintsForNode: ComputeConstraint for Node (num_scan_points = 639, average_scan_range = 23.0128, median_scan_range = 19.3595)
[tf2_beacons_listener.py-9] [INFO] [1757399515.910364822] [tf2_beacons_listener]: sampling data count = 103
[cartographer_node-2] [INFO] [1757399515.982180801] [cartographer logger]: I0909 06:31:55.000000   121 pose_graph_2d.cc:400] ComputeConstraintsForNode: ComputeConstraint for Node (num_scan_points = 638, average_scan_range = 22.6102, median_scan_range = 18.8236)
[cartographer_node-2] [INFO] [1757399516.281417233] [cartographer logger]: I0909 06:31:56.000000   120 pose_graph_2d.cc:400] ComputeConstraintsForNode: ComputeConstraint for Node (num_scan_points = 651, average_scan_range = 22.8485, median_scan_range = 19.2262)
[cartographer_node-2] [INFO] [1757399516.359438286] [cartographer logger]: I0909 06:31:56.000000    73 collated_trajectory_builder.cc:81] imu rate: 86.86 Hz 1.15e-02 s +/- 4.16e-03 s (pulsed at 104.06% real time)
[cartographer_node-2] [INFO] [1757399516.359461230] [cartographer logger]: I0909 06:31:56.000000    73 collated_trajectory_builder.cc:81] points2 rate: 6.23 Hz 1.60e-01 s +/- 1.44e-01 s (pulsed at 100.22% real time)
[cartographer_node-2] [INFO] [1757399516.682886025] [cartographer logger]: I0909 06:31:56.000000   124 pose_graph_2d.cc:400] ComputeConstraintsForNode: ComputeConstraint for Node (num_scan_points = 669, average_scan_range = 22.9376, median_scan_range = 19.273)
[cartographer_node-2] [INFO] [1757399516.870027923] [cartographer logger]: I0909 06:31:56.000000    73 pose_graph_2d.cc:149] Inserted submap (0, 5).
[cartographer_node-2] [INFO] [1757399516.870227185] [cartographer logger]: I0909 06:31:56.000000   120 pose_graph_2d.cc:400] ComputeConstraintsForNode: ComputeConstraint for Node (num_scan_points = 648, average_scan_range = 22.6572, median_scan_range = 19.043)
[cartographer_node-2] [INFO] [1757399516.870621956] [cartographer logger]: I0909 06:31:56.000000   123 constraint_builder_2d.cc:282] Node (0, 176) with 583 points on submap (0, 3) differs by translation 0.01 rotation 0.000 with score 84.5%.
[cartographer_node-2] [INFO] [1757399516.870867062] [cartographer logger]: I0909 06:31:56.000000   119 constraint_builder_2d.cc:282] Node (0, 110) with 556 points on submap (0, 3) differs by translation 0.03 rotation 0.000 with score 80.0%.
[cartographer_node-2] [INFO] [1757399516.872604776] [cartographer logger]: I0909 06:31:56.000000   122 constraint_builder_2d.cc:282] Node (0, 243) with 529 points on submap (0, 3) differs by translation 0.01 rotation 0.001 with score 85.2%.
[cartographer_node-2] [INFO] [1757399516.875103794] [cartographer logger]: I0909 06:31:56.000000   124 constraint_builder_2d.cc:282] Node (0, 143) with 574 points on submap (0, 3) differs by translation 0.02 rotation 0.000 with score 84.1%.
[cartographer_node-2] [INFO] [1757399516.878340792] [cartographer logger]: I0909 06:31:56.000000   125 constraint_builder_2d.cc:282] Node (0, 210) with 620 points on submap (0, 3) differs by translation 0.01 rotation 0.001 with score 82.4%.
[tf2_beacons_listener.py-9] [INFO] [1757399516.909690121] [tf2_beacons_listener]: sampling data count = 104
[cartographer_node-2] [INFO] [1757399517.251776948] [cartographer logger]: I0909 06:31:57.000000   119 pose_graph_2d.cc:400] ComputeConstraintsForNode: ComputeConstraint for Node (num_scan_points = 654, average_scan_range = 22.6484, median_scan_range = 19.1195)
[cartographer_node-2] [INFO] [1757399517.475326884] [cartographer logger]: I0909 06:31:57.000000   120 pose_graph_2d.cc:400] ComputeConstraintsForNode: ComputeConstraint for Node (num_scan_points = 700, average_scan_range = 21.553, median_scan_range = 17.464)
[tf2_beacons_listener.py-9] [INFO] [1757399517.899774056] [tf2_beacons_listener]: sampling data count = 105
[cartographer_node-2] [INFO] [1757399518.073967100] [cartographer logger]: I0909 06:31:58.000000   122 pose_graph_2d.cc:400] ComputeConstraintsForNode: ComputeConstraint for Node (num_scan_points = 682, average_scan_range = 23.3624, median_scan_range = 20.0133)
[cartographer_node-2] [INFO] [1757399518.863055496] [cartographer logger]: I0909 06:31:58.000000   121 pose_graph_2d.cc:400] ComputeConstraintsForNode: ComputeConstraint for Node (num_scan_points = 653, average_scan_range = 22.6527, median_scan_range = 18.9632)
[tf2_beacons_listener.py-9] [INFO] [1757399518.910052432] [tf2_beacons_listener]: sampling data count = 106
[cartographer_node-2] [INFO] [1757399519.281842248] [cartographer logger]: I0909 06:31:59.000000   120 pose_graph_2d.cc:400] ComputeConstraintsForNode: ComputeConstraint for Node (num_scan_points = 643, average_scan_range = 22.751, median_scan_range = 18.9091)
[cartographer_node-2] [INFO] [1757399519.281883664] [cartographer logger]: I0909 06:31:59.000000   120 pose_graph_2d.cc:574] Remaining work items in queue: 0
[cartographer_node-2] [INFO] [1757399519.281919065] [cartographer logger]: I0909 06:31:59.000000   120 constraint_builder_2d.cc:297] 5 computations resulted in 5 additional constraints.
[cartographer_node-2] [INFO] [1757399519.281957685] [cartographer logger]: I0909 06:31:59.000000   120 constraint_builder_2d.cc:299] Score histogram:
[cartographer_node-2] Count: 8  Min: 0.799698  Max: 0.858041  Mean: 0.832574
[cartographer_node-2] [0.799698, 0.805532)	                 ###	Count: 1 (12.5%)	Total: 1 (12.5%)
[cartographer_node-2] [0.805532, 0.811367)	                    	Count: 0 (0%)	Total: 1 (12.5%)
[cartographer_node-2] [0.811367, 0.817201)	                 ###	Count: 1 (12.5%)	Total: 2 (25%)
[cartographer_node-2] [0.817201, 0.823035)	                    	Count: 0 (0%)	Total: 2 (25%)
[cartographer_node-2] [0.823035, 0.828870)	               #####	Count: 2 (25%)	Total: 4 (50%)
[cartographer_node-2] [0.828870, 0.834704)	                    	Count: 0 (0%)	Total: 4 (50%)
[cartographer_node-2] [0.834704, 0.840538)	                    	Count: 0 (0%)	Total: 4 (50%)
[cartographer_node-2] [0.840538, 0.846373)	               #####	Count: 2 (25%)	Total: 6 (75%)
[cartographer_node-2] [0.846373, 0.852207)	                 ###	Count: 1 (12.5%)	Total: 7 (87.5%)
[cartographer_node-2] [0.852207, 0.858041]	                 ###	Count: 1 (12.5%)	Total: 8 (100%)
[cartographer_node-2] [INFO] [1757399519.578433459] [cartographer logger]: I0909 06:31:59.000000   125 pose_graph_2d.cc:400] ComputeConstraintsForNode: ComputeConstraint for Node (num_scan_points = 704, average_scan_range = 22.2372, median_scan_range = 17.9703)
[cartographer_node-2] [INFO] [1757399519.873932061] [cartographer logger]: I0909 06:31:59.000000   119 pose_graph_2d.cc:400] ComputeConstraintsForNode: ComputeConstraint for Node (num_scan_points = 635, average_scan_range = 22.9377, median_scan_range = 19.4018)
[tf2_beacons_listener.py-9] [INFO] [1757399520.092250687] [tf2_beacons_listener]: dummy fingerprint data created at t=329.91534233100003, x=18.485923752671688, y=31.933413019197726
[cartographer_node-2] [INFO] [1757399520.181766264] [cartographer logger]: I0909 06:32:00.000000   122 pose_graph_2d.cc:400] ComputeConstraintsForNode: ComputeConstraint for Node (num_scan_points = 625, average_scan_range = 23.205, median_scan_range = 19.8195)
[cartographer_node-2] [INFO] [1757399520.453273943] [cartographer logger]: I0909 06:32:00.000000   120 pose_graph_2d.cc:400] ComputeConstraintsForNode: ComputeConstraint for Node (num_scan_points = 635, average_scan_range = 23.5428, median_scan_range = 20.7129)
[cartographer_node-2] [INFO] [1757399520.672204410] [cartographer logger]: I0909 06:32:00.000000   125 pose_graph_2d.cc:400] ComputeConstraintsForNode: ComputeConstraint for Node (num_scan_points = 602, average_scan_range = 23.6447, median_scan_range = 20.4438)
[rviz2-5] [INFO] [1757399520.835599633] [rviz2]: Trying to create a map of size 1257 x 1029 using 1 swatches
[cartographer_node-2] [INFO] [1757399520.862192664] [cartographer logger]: I0909 06:32:00.000000   119 pose_graph_2d.cc:400] ComputeConstraintsForNode: ComputeConstraint for Node (num_scan_points = 576, average_scan_range = 24.1084, median_scan_range = 21.1262)
[tf2_beacons_listener.py-9] [INFO] [1757399520.909886979] [tf2_beacons_listener]: sampling data count = 107
[tf2_beacons_listener.py-9] [INFO] [1757399520.967294879] [tf2_beacons_listener]: TrajectoryRecorder.timer_callback called
[tf2_beacons_listener.py-9] [INFO] [1757399520.979256782] [tf2_beacons_listener]: TrajectoryRecorder.call_trajectory_query.done_callback called.
[tf2_beacons_listener.py-9] [INFO] [1757399520.979575550] [tf2_beacons_listener]: status=cartographer_ros_msgs.msg.StatusResponse(code=0, message='Retrieved 462 trajectory nodes from trajectory 0.')
[cartographer_node-2] [INFO] [1757399521.043403765] [cartographer logger]: I0909 06:32:01.000000   121 pose_graph_2d.cc:400] ComputeConstraintsForNode: ComputeConstraint for Node (num_scan_points = 608, average_scan_range = 24.3546, median_scan_range = 21.1654)
[cartographer_node-2] [INFO] [1757399521.273962298] [cartographer logger]: I0909 06:32:01.000000   122 pose_graph_2d.cc:400] ComputeConstraintsForNode: ComputeConstraint for Node (num_scan_points = 624, average_scan_range = 23.1091, median_scan_range = 19.553)
[cartographer_node-2] [INFO] [1757399521.572332610] [cartographer logger]: I0909 06:32:01.000000   123 pose_graph_2d.cc:400] ComputeConstraintsForNode: ComputeConstraint for Node (num_scan_points = 576, average_scan_range = 24.266, median_scan_range = 21.2147)
[tf2_beacons_listener.py-9] [INFO] [1757399521.899634610] [tf2_beacons_listener]: sampling data count = 108
[cartographer_node-2] [INFO] [1757399521.975456600] [cartographer logger]: I0909 06:32:01.000000   124 pose_graph_2d.cc:400] ComputeConstraintsForNode: ComputeConstraint for Node (num_scan_points = 596, average_scan_range = 24.3113, median_scan_range = 21.6427)
[cartographer_node-2] [INFO] [1757399522.475116787] [cartographer logger]: I0909 06:32:02.000000   119 pose_graph_2d.cc:400] ComputeConstraintsForNode: ComputeConstraint for Node (num_scan_points = 612, average_scan_range = 24.0414, median_scan_range = 21.0788)
[cartographer_node-2] [INFO] [1757399522.701817025] [cartographer logger]: I0909 06:32:02.000000   121 pose_graph_2d.cc:400] ComputeConstraintsForNode: ComputeConstraint for Node (num_scan_points = 607, average_scan_range = 23.0656, median_scan_range = 19.7771)
[cartographer_node-2] [INFO] [1757399522.851660585] [cartographer logger]: I0909 06:32:02.000000   122 pose_graph_2d.cc:400] ComputeConstraintsForNode: ComputeConstraint for Node (num_scan_points = 575, average_scan_range = 23.6872, median_scan_range = 21.1199)
[tf2_beacons_listener.py-9] [INFO] [1757399522.899860114] [tf2_beacons_listener]: sampling data count = 109
[cartographer_node-2] [INFO] [1757399523.180139481] [cartographer logger]: I0909 06:32:03.000000   123 pose_graph_2d.cc:400] ComputeConstraintsForNode: ComputeConstraint for Node (num_scan_points = 558, average_scan_range = 23.5745, median_scan_range = 20.7955)
[cartographer_node-2] [INFO] [1757399523.457718574] [cartographer logger]: I0909 06:32:03.000000   124 pose_graph_2d.cc:400] ComputeConstraintsForNode: ComputeConstraint for Node (num_scan_points = 577, average_scan_range = 23.8964, median_scan_range = 21.6217)
[cartographer_node-2] [INFO] [1757399523.661435532] [cartographer logger]: I0909 06:32:03.000000   120 pose_graph_2d.cc:400] ComputeConstraintsForNode: ComputeConstraint for Node (num_scan_points = 563, average_scan_range = 23.6398, median_scan_range = 21.4868)
[tf2_beacons_listener.py-9] [INFO] [1757399523.909640300] [tf2_beacons_listener]: sampling data count = 110
[cartographer_node-2] [INFO] [1757399524.089499858] [cartographer logger]: I0909 06:32:04.000000   124 pose_graph_2d.cc:400] ComputeConstraintsForNode: ComputeConstraint for Node (num_scan_points = 539, average_scan_range = 23.6752, median_scan_range = 21.0158)
[cartographer_node-2] [INFO] [1757399524.339701798] [cartographer logger]: I0909 06:32:04.000000   123 pose_graph_2d.cc:400] ComputeConstraintsForNode: ComputeConstraint for Node (num_scan_points = 539, average_scan_range = 23.4477, median_scan_range = 20.6922)
[cartographer_node-2] [INFO] [1757399524.571164469] [cartographer logger]: I0909 06:32:04.000000   124 pose_graph_2d.cc:400] ComputeConstraintsForNode: ComputeConstraint for Node (num_scan_points = 538, average_scan_range = 23.3231, median_scan_range = 20.643)
[cartographer_node-2] [INFO] [1757399524.804057148] [cartographer logger]: I0909 06:32:04.000000   120 pose_graph_2d.cc:400] ComputeConstraintsForNode: ComputeConstraint for Node (num_scan_points = 546, average_scan_range = 23.4437, median_scan_range = 21.4588)
[tf2_beacons_listener.py-9] [INFO] [1757399524.909522717] [tf2_beacons_listener]: sampling data count = 111
[cartographer_node-2] [INFO] [1757399524.959901562] [cartographer logger]: I0909 06:32:04.000000   125 pose_graph_2d.cc:400] ComputeConstraintsForNode: ComputeConstraint for Node (num_scan_points = 580, average_scan_range = 22.7999, median_scan_range = 19.8833)
[tracked_pose_listener.py-10] [INFO] [1757399525.080867167] [tracked_pose_listener]: tracked_pose messages received at 6.52 Hz (total count=  861). current tracked_pose = [334.853, 'map', 13.482872433210991, 30.004305707619643, 0.0, -0.0005190587985481147, 0.0020549062174089324, 0.972511864355536, -0.2328436849607929]
[cartographer_node-2] [INFO] [1757399525.207955912] [cartographer logger]: I0909 06:32:05.000000   119 pose_graph_2d.cc:400] ComputeConstraintsForNode: ComputeConstraint for Node (num_scan_points = 544, average_scan_range = 23.7794, median_scan_range = 21.6459)
[cartographer_node-2] [INFO] [1757399525.552655957] [cartographer logger]: I0909 06:32:05.000000   121 pose_graph_2d.cc:400] ComputeConstraintsForNode: ComputeConstraint for Node (num_scan_points = 565, average_scan_range = 23.7795, median_scan_range = 22.6363)
[cartographer_node-2] [INFO] [1757399525.771330382] [cartographer logger]: I0909 06:32:05.000000   122 pose_graph_2d.cc:400] ComputeConstraintsForNode: ComputeConstraint for Node (num_scan_points = 555, average_scan_range = 23.4349, median_scan_range = 22.4148)
[rviz2-5] [INFO] [1757399525.837232769] [rviz2]: Trying to create a map of size 1257 x 1030 using 1 swatches
[tf2_beacons_listener.py-9] [INFO] [1757399526.092615873] [tf2_beacons_listener]: dummy fingerprint data created at t=335.91583240700004, x=12.748968707656289, y=29.61062999724764
[cartographer_node-2] [INFO] [1757399526.170387817] [cartographer logger]: I0909 06:32:06.000000   120 pose_graph_2d.cc:400] ComputeConstraintsForNode: ComputeConstraint for Node (num_scan_points = 539, average_scan_range = 23.4959, median_scan_range = 22.5312)
[cartographer_node-2] [INFO] [1757399526.303615278] [cartographer logger]: I0909 06:32:06.000000   124 pose_graph_2d.cc:400] ComputeConstraintsForNode: ComputeConstraint for Node (num_scan_points = 513, average_scan_range = 23.5064, median_scan_range = 21.1979)
[cartographer_node-2] [INFO] [1757399526.372676766] [cartographer logger]: I0909 06:32:06.000000   123 pose_graph_2d.cc:400] ComputeConstraintsForNode: ComputeConstraint for Node (num_scan_points = 542, average_scan_range = 23.2038, median_scan_range = 20.7999)
[cartographer_node-2] [INFO] [1757399526.460765572] [cartographer logger]: I0909 06:32:06.000000   122 pose_graph_2d.cc:400] ComputeConstraintsForNode: ComputeConstraint for Node (num_scan_points = 531, average_scan_range = 23.6925, median_scan_range = 22.1855)
[cartographer_node-2] [INFO] [1757399526.562050334] [cartographer logger]: I0909 06:32:06.000000   121 pose_graph_2d.cc:400] ComputeConstraintsForNode: ComputeConstraint for Node (num_scan_points = 539, average_scan_range = 23.3226, median_scan_range = 20.564)
[cartographer_node-2] [INFO] [1757399526.874264874] [cartographer logger]: I0909 06:32:06.000000   124 pose_graph_2d.cc:400] ComputeConstraintsForNode: ComputeConstraint for Node (num_scan_points = 560, average_scan_range = 22.9459, median_scan_range = 20.8384)
[tf2_beacons_listener.py-9] [INFO] [1757399526.909720694] [tf2_beacons_listener]: sampling data count = 112
[cartographer_node-2] [INFO] [1757399526.951968027] [cartographer logger]: I0909 06:32:06.000000   123 pose_graph_2d.cc:400] ComputeConstraintsForNode: ComputeConstraint for Node (num_scan_points = 557, average_scan_range = 23.2452, median_scan_range = 21.4144)
[cartographer_node-2] [INFO] [1757399527.083602245] [cartographer logger]: I0909 06:32:07.000000   122 pose_graph_2d.cc:400] ComputeConstraintsForNode: ComputeConstraint for Node (num_scan_points = 567, average_scan_range = 22.6369, median_scan_range = 20.4686)
[cartographer_node-2] [INFO] [1757399527.660832829] [cartographer logger]: I0909 06:32:07.000000   120 pose_graph_2d.cc:400] ComputeConstraintsForNode: ComputeConstraint for Node (num_scan_points = 540, average_scan_range = 23.5143, median_scan_range = 21.1363)
[cartographer_node-2] [INFO] [1757399527.858256174] [cartographer logger]: I0909 06:32:07.000000   125 pose_graph_2d.cc:400] ComputeConstraintsForNode: ComputeConstraint for Node (num_scan_points = 544, average_scan_range = 23.4717, median_scan_range = 20.9578)
[tf2_beacons_listener.py-9] [INFO] [1757399527.909778060] [tf2_beacons_listener]: sampling data count = 113
[cartographer_node-2] [INFO] [1757399528.062793107] [cartographer logger]: I0909 06:32:08.000000   119 pose_graph_2d.cc:400] ComputeConstraintsForNode: ComputeConstraint for Node (num_scan_points = 545, average_scan_range = 23.5026, median_scan_range = 20.7847)
[cartographer_node-2] [INFO] [1757399528.562232386] [cartographer logger]: I0909 06:32:08.000000   120 pose_graph_2d.cc:400] ComputeConstraintsForNode: ComputeConstraint for Node (num_scan_points = 549, average_scan_range = 23.4974, median_scan_range = 20.3563)
[cartographer_node-2] [INFO] [1757399528.771360800] [cartographer logger]: I0909 06:32:08.000000   123 pose_graph_2d.cc:400] ComputeConstraintsForNode: ComputeConstraint for Node (num_scan_points = 555, average_scan_range = 23.6725, median_scan_range = 20.2654)
[tf2_beacons_listener.py-9] [INFO] [1757399528.910434692] [tf2_beacons_listener]: sampling data count = 114
[cartographer_node-2] [INFO] [1757399529.006202206] [cartographer logger]: I0909 06:32:09.000000   125 pose_graph_2d.cc:400] ComputeConstraintsForNode: ComputeConstraint for Node (num_scan_points = 558, average_scan_range = 23.7989, median_scan_range = 20.2278)
[cartographer_node-2] [INFO] [1757399529.152028818] [cartographer logger]: I0909 06:32:09.000000   119 pose_graph_2d.cc:400] ComputeConstraintsForNode: ComputeConstraint for Node (num_scan_points = 567, average_scan_range = 23.7125, median_scan_range = 19.9992)
[cartographer_node-2] [INFO] [1757399529.360283146] [cartographer logger]: I0909 06:32:09.000000   121 pose_graph_2d.cc:400] ComputeConstraintsForNode: ComputeConstraint for Node (num_scan_points = 587, average_scan_range = 24.3017, median_scan_range = 20.1722)
[cartographer_node-2] [INFO] [1757399529.770464751] [cartographer logger]: I0909 06:32:09.000000   119 pose_graph_2d.cc:400] ComputeConstraintsForNode: ComputeConstraint for Node (num_scan_points = 596, average_scan_range = 23.7571, median_scan_range = 19.7644)
[tf2_beacons_listener.py-9] [INFO] [1757399529.910174734] [tf2_beacons_listener]: sampling data count = 115
[cartographer_node-2] [INFO] [1757399530.082284320] [cartographer logger]: I0909 06:32:10.000000   123 pose_graph_2d.cc:400] ComputeConstraintsForNode: ComputeConstraint for Node (num_scan_points = 566, average_scan_range = 23.8863, median_scan_range = 19.4105)
[cartographer_node-2] [INFO] [1757399530.260129314] [cartographer logger]: I0909 06:32:10.000000   124 pose_graph_2d.cc:400] ComputeConstraintsForNode: ComputeConstraint for Node (num_scan_points = 601, average_scan_range = 23.7445, median_scan_range = 19.1111)
[cartographer_node-2] [INFO] [1757399530.508190748] [cartographer logger]: I0909 06:32:10.000000   120 pose_graph_2d.cc:400] ComputeConstraintsForNode: ComputeConstraint for Node (num_scan_points = 566, average_scan_range = 23.7747, median_scan_range = 19.059)
[cartographer_node-2] [INFO] [1757399530.680382358] [cartographer logger]: I0909 06:32:10.000000   125 pose_graph_2d.cc:400] ComputeConstraintsForNode: ComputeConstraint for Node (num_scan_points = 585, average_scan_range = 23.4326, median_scan_range = 18.9483)
[tf2_beacons_listener.py-9] [INFO] [1757399530.909648900] [tf2_beacons_listener]: sampling data count = 116
[cartographer_node-2] [INFO] [1757399530.918174126] [cartographer logger]: I0909 06:32:10.000000   122 pose_graph_2d.cc:400] ComputeConstraintsForNode: ComputeConstraint for Node (num_scan_points = 572, average_scan_range = 23.3378, median_scan_range = 18.6863)
[tf2_beacons_listener.py-9] [INFO] [1757399530.967911658] [tf2_beacons_listener]: TrajectoryRecorder.timer_callback called
[tf2_beacons_listener.py-9] [INFO] [1757399530.981613485] [tf2_beacons_listener]: TrajectoryRecorder.call_trajectory_query.done_callback called.
[tf2_beacons_listener.py-9] [INFO] [1757399530.981992970] [tf2_beacons_listener]: status=cartographer_ros_msgs.msg.StatusResponse(code=0, message='Retrieved 502 trajectory nodes from trajectory 0.')
[cartographer_node-2] [INFO] [1757399531.153268246] [cartographer logger]: I0909 06:32:11.000000   120 pose_graph_2d.cc:400] ComputeConstraintsForNode: ComputeConstraint for Node (num_scan_points = 588, average_scan_range = 23.3686, median_scan_range = 18.843)
[cartographer_node-2] [INFO] [1757399531.641337796] [cartographer logger]: I0909 06:32:11.000000    73 collated_trajectory_builder.cc:81] imu rate: 87.11 Hz 1.15e-02 s +/- 3.95e-03 s (pulsed at 97.79% real time)
[cartographer_node-2] [INFO] [1757399531.641362914] [cartographer logger]: I0909 06:32:11.000000    73 collated_trajectory_builder.cc:81] points2 rate: 6.42 Hz 1.56e-01 s +/- 1.23e-01 s (pulsed at 99.93% real time)
[cartographer_node-2] [INFO] [1757399531.681655152] [cartographer logger]: I0909 06:32:11.000000   121 pose_graph_2d.cc:400] ComputeConstraintsForNode: ComputeConstraint for Node (num_scan_points = 595, average_scan_range = 23.8027, median_scan_range = 18.5312)
[tf2_beacons_listener.py-9] [INFO] [1757399531.909971968] [tf2_beacons_listener]: sampling data count = 117
[cartographer_node-2] [INFO] [1757399531.964526086] [cartographer logger]: I0909 06:32:11.000000   119 pose_graph_2d.cc:400] ComputeConstraintsForNode: ComputeConstraint for Node (num_scan_points = 558, average_scan_range = 23.7136, median_scan_range = 18.5233)
[cartographer_node-2] [INFO] [1757399532.257132724] [cartographer logger]: I0909 06:32:12.000000   123 pose_graph_2d.cc:400] ComputeConstraintsForNode: ComputeConstraint for Node (num_scan_points = 570, average_scan_range = 23.7893, median_scan_range = 18.3154)
[cartographer_node-2] [INFO] [1757399532.379521962] [cartographer logger]: I0909 06:32:12.000000   122 pose_graph_2d.cc:400] ComputeConstraintsForNode: ComputeConstraint for Node (num_scan_points = 566, average_scan_range = 23.9024, median_scan_range = 18.2634)
[cartographer_node-2] [INFO] [1757399532.482005718] [cartographer logger]: I0909 06:32:12.000000   121 pose_graph_2d.cc:400] ComputeConstraintsForNode: ComputeConstraint for Node (num_scan_points = 566, average_scan_range = 23.8545, median_scan_range = 18.1863)
[cartographer_node-2] [INFO] [1757399532.603986302] [cartographer logger]: I0909 06:32:12.000000   119 pose_graph_2d.cc:400] ComputeConstraintsForNode: ComputeConstraint for Node (num_scan_points = 577, average_scan_range = 24.0541, median_scan_range = 18.1929)
[cartographer_node-2] [INFO] [1757399532.674948204] [cartographer logger]: I0909 06:32:12.000000   125 pose_graph_2d.cc:400] ComputeConstraintsForNode: ComputeConstraint for Node (num_scan_points = 577, average_scan_range = 24.0339, median_scan_range = 18.3382)
[cartographer_node-2] [INFO] [1757399532.755679760] [cartographer logger]: I0909 06:32:12.000000   122 pose_graph_2d.cc:400] ComputeConstraintsForNode: ComputeConstraint for Node (num_scan_points = 559, average_scan_range = 23.8999, median_scan_range = 18.1866)
[cartographer_node-2] [INFO] [1757399532.899026877] [cartographer logger]: I0909 06:32:12.000000   123 pose_graph_2d.cc:400] ComputeConstraintsForNode: ComputeConstraint for Node (num_scan_points = 570, average_scan_range = 23.7762, median_scan_range = 18.0576)
[cartographer_node-2] [INFO] [1757399532.973242520] [cartographer logger]: I0909 06:32:12.000000   119 pose_graph_2d.cc:400] ComputeConstraintsForNode: ComputeConstraint for Node (num_scan_points = 564, average_scan_range = 23.9915, median_scan_range = 18.2259)
[cartographer_node-2] [INFO] [1757399533.070487977] [cartographer logger]: I0909 06:32:13.000000   125 pose_graph_2d.cc:400] ComputeConstraintsForNode: ComputeConstraint for Node (num_scan_points = 573, average_scan_range = 23.9626, median_scan_range = 18.0274)
[tf2_beacons_listener.py-9] [INFO] [1757399533.093113571] [tf2_beacons_listener]: dummy fingerprint data created at t=342.916354946, x=5.090946604217621, y=29.347462625560695
[cartographer_node-2] [INFO] [1757399533.154485608] [cartographer logger]: I0909 06:32:13.000000   119 pose_graph_2d.cc:400] ComputeConstraintsForNode: ComputeConstraint for Node (num_scan_points = 569, average_scan_range = 24.0696, median_scan_range = 18.1377)
[cartographer_node-2] [INFO] [1757399533.249060575] [cartographer logger]: I0909 06:32:13.000000   125 pose_graph_2d.cc:400] ComputeConstraintsForNode: ComputeConstraint for Node (num_scan_points = 557, average_scan_range = 23.8625, median_scan_range = 18.1017)
[cartographer_node-2] [INFO] [1757399533.353203639] [cartographer logger]: I0909 06:32:13.000000   120 pose_graph_2d.cc:400] ComputeConstraintsForNode: ComputeConstraint for Node (num_scan_points = 553, average_scan_range = 23.8064, median_scan_range = 17.9252)
[cartographer_node-2] [INFO] [1757399533.501441369] [cartographer logger]: I0909 06:32:13.000000   125 pose_graph_2d.cc:400] ComputeConstraintsForNode: ComputeConstraint for Node (num_scan_points = 582, average_scan_range = 23.3643, median_scan_range = 17.5835)
[cartographer_node-2] [INFO] [1757399533.613496586] [cartographer logger]: I0909 06:32:13.000000   120 pose_graph_2d.cc:400] ComputeConstraintsForNode: ComputeConstraint for Node (num_scan_points = 602, average_scan_range = 23.4514, median_scan_range = 17.5234)
[tf2_beacons_listener.py-9] [INFO] [1757399533.909764581] [tf2_beacons_listener]: sampling data count = 118
[cartographer_node-2] [INFO] [1757399533.989260216] [cartographer logger]: I0909 06:32:13.000000   123 pose_graph_2d.cc:400] ComputeConstraintsForNode: ComputeConstraint for Node (num_scan_points = 573, average_scan_range = 23.8352, median_scan_range = 18.0958)
[cartographer_node-2] [INFO] [1757399534.106096434] [cartographer logger]: I0909 06:32:14.000000   124 pose_graph_2d.cc:400] ComputeConstraintsForNode: ComputeConstraint for Node (num_scan_points = 591, average_scan_range = 23.5988, median_scan_range = 17.6023)
[cartographer_node-2] [INFO] [1757399534.205839099] [cartographer logger]: I0909 06:32:14.000000   123 pose_graph_2d.cc:400] ComputeConstraintsForNode: ComputeConstraint for Node (num_scan_points = 581, average_scan_range = 24.0293, median_scan_range = 17.6351)
[cartographer_node-2] [INFO] [1757399534.281928447] [cartographer logger]: I0909 06:32:14.000000   119 pose_graph_2d.cc:400] ComputeConstraintsForNode: ComputeConstraint for Node (num_scan_points = 566, average_scan_range = 23.8411, median_scan_range = 17.8689)
[cartographer_node-2] [INFO] [1757399534.402460785] [cartographer logger]: I0909 06:32:14.000000   121 pose_graph_2d.cc:400] ComputeConstraintsForNode: ComputeConstraint for Node (num_scan_points = 596, average_scan_range = 23.2078, median_scan_range = 17.2748)
[cartographer_node-2] [INFO] [1757399534.513395575] [cartographer logger]: I0909 06:32:14.000000   124 pose_graph_2d.cc:400] ComputeConstraintsForNode: ComputeConstraint for Node (num_scan_points = 602, average_scan_range = 23.1515, median_scan_range = 17.2783)
[cartographer_node-2] [INFO] [1757399534.586407978] [cartographer logger]: I0909 06:32:14.000000   123 pose_graph_2d.cc:400] ComputeConstraintsForNode: ComputeConstraint for Node (num_scan_points = 580, average_scan_range = 23.3579, median_scan_range = 17.4783)
[cartographer_node-2] [INFO] [1757399534.664679429] [cartographer logger]: I0909 06:32:14.000000   119 pose_graph_2d.cc:400] ComputeConstraintsForNode: ComputeConstraint for Node (num_scan_points = 586, average_scan_range = 23.8331, median_scan_range = 17.5797)
[cartographer_node-2] [INFO] [1757399534.764610355] [cartographer logger]: I0909 06:32:14.000000   125 pose_graph_2d.cc:400] ComputeConstraintsForNode: ComputeConstraint for Node (num_scan_points = 599, average_scan_range = 23.5403, median_scan_range = 17.3864)
[cartographer_node-2] [INFO] [1757399534.852136257] [cartographer logger]: I0909 06:32:14.000000   121 pose_graph_2d.cc:400] ComputeConstraintsForNode: ComputeConstraint for Node (num_scan_points = 599, average_scan_range = 23.5464, median_scan_range = 17.3535)
[cartographer_node-2] [INFO] [1757399534.999019772] [cartographer logger]: I0909 06:32:14.000000   122 pose_graph_2d.cc:400] ComputeConstraintsForNode: ComputeConstraint for Node (num_scan_points = 577, average_scan_range = 23.6184, median_scan_range = 17.5176)
[tf2_beacons_listener.py-9] [INFO] [1757399535.093312815] [tf2_beacons_listener]: dummy fingerprint data created at t=344.91648069, x=3.4183991143355943, y=28.24182606050429
[cartographer_node-2] [INFO] [1757399535.105259111] [cartographer logger]: I0909 06:32:15.000000   120 pose_graph_2d.cc:400] ComputeConstraintsForNode: ComputeConstraint for Node (num_scan_points = 587, average_scan_range = 23.3997, median_scan_range = 17.4945)
[tracked_pose_listener.py-10] [INFO] [1757399535.106998063] [tracked_pose_listener]: tracked_pose messages received at 6.58 Hz (total count=  934). current tracked_pose = [344.853, 'map', 3.3524058405193617, 28.15555936106307, 0.0, -0.00015957318076532018, 0.0029700267684807623, 0.9049992492897503, -0.4254027647563931]
[cartographer_node-2] [INFO] [1757399535.182581930] [cartographer logger]: I0909 06:32:15.000000   124 pose_graph_2d.cc:400] ComputeConstraintsForNode: ComputeConstraint for Node (num_scan_points = 583, average_scan_range = 23.2954, median_scan_range = 17.421)
[cartographer_node-2] [INFO] [1757399535.301823477] [cartographer logger]: I0909 06:32:15.000000   121 pose_graph_2d.cc:400] ComputeConstraintsForNode: ComputeConstraint for Node (num_scan_points = 582, average_scan_range = 23.5516, median_scan_range = 17.6994)
[cartographer_node-2] [INFO] [1757399535.408790397] [cartographer logger]: I0909 06:32:15.000000   124 pose_graph_2d.cc:400] ComputeConstraintsForNode: ComputeConstraint for Node (num_scan_points = 570, average_scan_range = 22.6584, median_scan_range = 17.259)
[cartographer_node-2] [INFO] [1757399535.464220560] [cartographer logger]: I0909 06:32:15.000000   123 pose_graph_2d.cc:400] ComputeConstraintsForNode: ComputeConstraint for Node (num_scan_points = 597, average_scan_range = 22.9894, median_scan_range = 17.1879)
[cartographer_node-2] [INFO] [1757399535.564990486] [cartographer logger]: I0909 06:32:15.000000   119 pose_graph_2d.cc:400] ComputeConstraintsForNode: ComputeConstraint for Node (num_scan_points = 582, average_scan_range = 23.2621, median_scan_range = 17.4679)
[tf2_beacons_listener.py-9] [INFO] [1757399535.909640955] [tf2_beacons_listener]: sampling data count = 119
[cartographer_node-2] [INFO] [1757399535.951902342] [cartographer logger]: I0909 06:32:15.000000   123 pose_graph_2d.cc:400] ComputeConstraintsForNode: ComputeConstraint for Node (num_scan_points = 570, average_scan_range = 23.4197, median_scan_range = 17.5573)
[cartographer_node-2] [INFO] [1757399536.198389614] [cartographer logger]: I0909 06:32:16.000000   124 pose_graph_2d.cc:400] ComputeConstraintsForNode: ComputeConstraint for Node (num_scan_points = 557, average_scan_range = 23.081, median_scan_range = 17.5087)
[cartographer_node-2] [INFO] [1757399536.500711235] [cartographer logger]: I0909 06:32:16.000000   120 pose_graph_2d.cc:400] ComputeConstraintsForNode: ComputeConstraint for Node (num_scan_points = 589, average_scan_range = 23.2739, median_scan_range = 17.8028)
[cartographer_node-2] [INFO] [1757399536.770863852] [cartographer logger]: I0909 06:32:16.000000   123 pose_graph_2d.cc:400] ComputeConstraintsForNode: ComputeConstraint for Node (num_scan_points = 565, average_scan_range = 21.6335, median_scan_range = 17.1524)
[cartographer_node-2] [INFO] [1757399536.913169510] [cartographer logger]: I0909 06:32:16.000000    73 pose_graph_2d.cc:149] Inserted submap (0, 6).
[cartographer_node-2] [INFO] [1757399536.913331020] [cartographer logger]: I0909 06:32:16.000000   119 pose_graph_2d.cc:400] ComputeConstraintsForNode: ComputeConstraint for Node (num_scan_points = 564, average_scan_range = 21.7335, median_scan_range = 17.1886)
[cartographer_node-2] [INFO] [1757399536.964698044] [cartographer logger]: I0909 06:32:16.000000   121 constraint_builder_2d.cc:282] Node (0, 348) with 494 points on submap (0, 4) differs by translation 0.01 rotation 0.001 with score 85.5%.
[cartographer_node-2] [INFO] [1757399536.988982111] [cartographer logger]: I0909 06:32:16.000000   120 pose_graph_2d.cc:400] ComputeConstraintsForNode: ComputeConstraint for Node (num_scan_points = 622, average_scan_range = 20.5625, median_scan_range = 16.9814)
[cartographer_node-2] [INFO] [1757399537.059167123] [cartographer logger]: I0909 06:32:17.000000   122 pose_graph_2d.cc:400] ComputeConstraintsForNode: ComputeConstraint for Node (num_scan_points = 554, average_scan_range = 22.4542, median_scan_range = 17.5031)
[tf2_beacons_listener.py-9] [INFO] [1757399537.093878800] [tf2_beacons_listener]: dummy fingerprint data created at t=346.916594608, x=2.3711707793884367, y=26.285497096613287
[cartographer_node-2] [INFO] [1757399537.168256722] [cartographer logger]: I0909 06:32:17.000000   120 pose_graph_2d.cc:400] ComputeConstraintsForNode: ComputeConstraint for Node (num_scan_points = 544, average_scan_range = 22.7034, median_scan_range = 17.7501)
[cartographer_node-2] [INFO] [1757399537.366056217] [cartographer logger]: I0909 06:32:17.000000   125 pose_graph_2d.cc:400] ComputeConstraintsForNode: ComputeConstraint for Node (num_scan_points = 546, average_scan_range = 22.9666, median_scan_range = 17.74)
[cartographer_node-2] [INFO] [1757399537.563021134] [cartographer logger]: I0909 06:32:17.000000   119 pose_graph_2d.cc:400] ComputeConstraintsForNode: ComputeConstraint for Node (num_scan_points = 531, average_scan_range = 22.6217, median_scan_range = 17.6304)
[cartographer_node-2] [INFO] [1757399537.770181831] [cartographer logger]: I0909 06:32:17.000000   121 pose_graph_2d.cc:400] ComputeConstraintsForNode: ComputeConstraint for Node (num_scan_points = 541, average_scan_range = 22.6171, median_scan_range = 17.7553)
[cartographer_node-2] [INFO] [1757399537.770210983] [cartographer logger]: I0909 06:32:17.000000   121 pose_graph_2d.cc:574] Remaining work items in queue: 0
[cartographer_node-2] [INFO] [1757399537.770219893] [cartographer logger]: I0909 06:32:17.000000   121 constraint_builder_2d.cc:297] 1 computations resulted in 1 additional constraints.
[cartographer_node-2] [INFO] [1757399537.770234485] [cartographer logger]: I0909 06:32:17.000000   121 constraint_builder_2d.cc:299] Score histogram:
[cartographer_node-2] Count: 9  Min: 0.799698  Max: 0.858041  Mean: 0.835019
[cartographer_node-2] [0.799698, 0.805532)	                  ##	Count: 1 (11.1111%)	Total: 1 (11.1111%)
[cartographer_node-2] [0.805532, 0.811367)	                    	Count: 0 (0%)	Total: 1 (11.1111%)
[cartographer_node-2] [0.811367, 0.817201)	                  ##	Count: 1 (11.1111%)	Total: 2 (22.2222%)
[cartographer_node-2] [0.817201, 0.823035)	                    	Count: 0 (0%)	Total: 2 (22.2222%)
[cartographer_node-2] [0.823035, 0.828870)	                ####	Count: 2 (22.2222%)	Total: 4 (44.4444%)
[cartographer_node-2] [0.828870, 0.834704)	                    	Count: 0 (0%)	Total: 4 (44.4444%)
[cartographer_node-2] [0.834704, 0.840538)	                    	Count: 0 (0%)	Total: 4 (44.4444%)
[cartographer_node-2] [0.840538, 0.846373)	                ####	Count: 2 (22.2222%)	Total: 6 (66.6667%)
[cartographer_node-2] [0.846373, 0.852207)	                  ##	Count: 1 (11.1111%)	Total: 7 (77.7778%)
[cartographer_node-2] [0.852207, 0.858041]	                ####	Count: 2 (22.2222%)	Total: 9 (100%)
[tf2_beacons_listener.py-9] [INFO] [1757399537.910267135] [tf2_beacons_listener]: sampling data count = 120
[cartographer_node-2] [INFO] [1757399538.079664873] [cartographer logger]: I0909 06:32:18.000000   123 pose_graph_2d.cc:400] ComputeConstraintsForNode: ComputeConstraint for Node (num_scan_points = 529, average_scan_range = 22.455, median_scan_range = 17.6537)
[cartographer_node-2] [INFO] [1757399538.350029756] [cartographer logger]: I0909 06:32:18.000000   125 pose_graph_2d.cc:400] ComputeConstraintsForNode: ComputeConstraint for Node (num_scan_points = 548, average_scan_range = 22.5927, median_scan_range = 18.0403)
[cartographer_node-2] [INFO] [1757399538.596059347] [cartographer logger]: I0909 06:32:18.000000   119 pose_graph_2d.cc:400] ComputeConstraintsForNode: ComputeConstraint for Node (num_scan_points = 561, average_scan_range = 21.6865, median_scan_range = 17.3579)
[cartographer_node-2] [INFO] [1757399538.770105681] [cartographer logger]: I0909 06:32:18.000000   123 pose_graph_2d.cc:400] ComputeConstraintsForNode: ComputeConstraint for Node (num_scan_points = 561, average_scan_range = 21.7589, median_scan_range = 17.5949)
[tf2_beacons_listener.py-9] [INFO] [1757399538.909634945] [tf2_beacons_listener]: sampling data count = 121
[cartographer_node-2] [INFO] [1757399539.070146279] [cartographer logger]: I0909 06:32:19.000000   119 pose_graph_2d.cc:400] ComputeConstraintsForNode: ComputeConstraint for Node (num_scan_points = 539, average_scan_range = 22.2789, median_scan_range = 18.3104)
[cartographer_node-2] [INFO] [1757399539.371908913] [cartographer logger]: I0909 06:32:19.000000   120 pose_graph_2d.cc:400] ComputeConstraintsForNode: ComputeConstraint for Node (num_scan_points = 534, average_scan_range = 22.5318, median_scan_range = 18.4365)
[cartographer_node-2] [INFO] [1757399539.551298158] [cartographer logger]: I0909 06:32:19.000000   122 pose_graph_2d.cc:400] ComputeConstraintsForNode: ComputeConstraint for Node (num_scan_points = 539, average_scan_range = 22.198, median_scan_range = 18.5375)
[cartographer_node-2] [INFO] [1757399539.795227812] [cartographer logger]: I0909 06:32:19.000000   120 pose_graph_2d.cc:400] ComputeConstraintsForNode: ComputeConstraint for Node (num_scan_points = 538, average_scan_range = 22.5511, median_scan_range = 18.6624)
[tf2_beacons_listener.py-9] [INFO] [1757399539.909911393] [tf2_beacons_listener]: sampling data count = 122
[cartographer_node-2] [INFO] [1757399539.962251034] [cartographer logger]: I0909 06:32:19.000000   125 pose_graph_2d.cc:400] ComputeConstraintsForNode: ComputeConstraint for Node (num_scan_points = 532, average_scan_range = 22.3473, median_scan_range = 18.6422)
[cartographer_node-2] [INFO] [1757399540.159809474] [cartographer logger]: I0909 06:32:20.000000   124 pose_graph_2d.cc:400] ComputeConstraintsForNode: ComputeConstraint for Node (num_scan_points = 536, average_scan_range = 22.4213, median_scan_range = 18.8525)
[cartographer_node-2] [INFO] [1757399540.581368556] [cartographer logger]: I0909 06:32:20.000000   120 pose_graph_2d.cc:400] ComputeConstraintsForNode: ComputeConstraint for Node (num_scan_points = 552, average_scan_range = 22.316, median_scan_range = 19.2447)
[tf2_beacons_listener.py-9] [INFO] [1757399540.909664522] [tf2_beacons_listener]: sampling data count = 123
[tf2_beacons_listener.py-9] [INFO] [1757399540.968712302] [tf2_beacons_listener]: TrajectoryRecorder.timer_callback called
[tf2_beacons_listener.py-9] [INFO] [1757399540.984333784] [tf2_beacons_listener]: TrajectoryRecorder.call_trajectory_query.done_callback called.
[tf2_beacons_listener.py-9] [INFO] [1757399540.984637520] [tf2_beacons_listener]: status=cartographer_ros_msgs.msg.StatusResponse(code=0, message='Retrieved 558 trajectory nodes from trajectory 0.')
[cartographer_node-2] [INFO] [1757399541.150066735] [cartographer logger]: I0909 06:32:21.000000   123 pose_graph_2d.cc:400] ComputeConstraintsForNode: ComputeConstraint for Node (num_scan_points = 532, average_scan_range = 22.4825, median_scan_range = 19.4702)
[cartographer_node-2] [INFO] [1757399541.359533550] [cartographer logger]: I0909 06:32:21.000000   124 pose_graph_2d.cc:400] ComputeConstraintsForNode: ComputeConstraint for Node (num_scan_points = 543, average_scan_range = 22.347, median_scan_range = 19.5949)
[cartographer_node-2] [INFO] [1757399541.593240534] [cartographer logger]: I0909 06:32:21.000000   120 pose_graph_2d.cc:400] ComputeConstraintsForNode: ComputeConstraint for Node (num_scan_points = 572, average_scan_range = 22.1666, median_scan_range = 19.5904)
[cartographer_node-2] [INFO] [1757399541.857967014] [cartographer logger]: I0909 06:32:21.000000   121 pose_graph_2d.cc:400] ComputeConstraintsForNode: ComputeConstraint for Node (num_scan_points = 558, average_scan_range = 22.0012, median_scan_range = 19.7776)
[tf2_beacons_listener.py-9] [INFO] [1757399541.899724653] [tf2_beacons_listener]: sampling data count = 124
[cartographer_node-2] [INFO] [1757399542.060785275] [cartographer logger]: I0909 06:32:22.000000   122 pose_graph_2d.cc:400] ComputeConstraintsForNode: ComputeConstraint for Node (num_scan_points = 551, average_scan_range = 22.7131, median_scan_range = 20.2108)
[cartographer_node-2] [INFO] [1757399542.260070106] [cartographer logger]: I0909 06:32:22.000000   122 pose_graph_2d.cc:400] ComputeConstraintsForNode: ComputeConstraint for Node (num_scan_points = 539, average_scan_range = 22.5939, median_scan_range = 20.3822)
[cartographer_node-2] [INFO] [1757399542.493957825] [cartographer logger]: I0909 06:32:22.000000   119 pose_graph_2d.cc:400] ComputeConstraintsForNode: ComputeConstraint for Node (num_scan_points = 553, average_scan_range = 22.5771, median_scan_range = 20.7117)
[cartographer_node-2] [INFO] [1757399542.669497819] [cartographer logger]: I0909 06:32:22.000000   125 pose_graph_2d.cc:400] ComputeConstraintsForNode: ComputeConstraint for Node (num_scan_points = 542, average_scan_range = 22.7822, median_scan_range = 20.7273)
[cartographer_node-2] [INFO] [1757399542.822367335] [cartographer logger]: I0909 06:32:22.000000    73 motion_filter.cc:42] Motion filter reduced the number of nodes to 56.6%.
[tf2_beacons_listener.py-9] [INFO] [1757399542.899926244] [tf2_beacons_listener]: sampling data count = 125
[cartographer_node-2] [INFO] [1757399543.006682276] [cartographer logger]: I0909 06:32:23.000000   122 pose_graph_2d.cc:400] ComputeConstraintsForNode: ComputeConstraint for Node (num_scan_points = 540, average_scan_range = 22.7113, median_scan_range = 21.0092)
[cartographer_node-2] [INFO] [1757399543.261358711] [cartographer logger]: I0909 06:32:23.000000   124 pose_graph_2d.cc:400] ComputeConstraintsForNode: ComputeConstraint for Node (num_scan_points = 538, average_scan_range = 22.7336, median_scan_range = 21.2328)
[cartographer_node-2] [INFO] [1757399543.516969456] [cartographer logger]: I0909 06:32:23.000000   119 pose_graph_2d.cc:400] ComputeConstraintsForNode: ComputeConstraint for Node (num_scan_points = 552, average_scan_range = 22.9739, median_scan_range = 21.4845)
[cartographer_node-2] [INFO] [1757399543.801499901] [cartographer logger]: I0909 06:32:23.000000   121 pose_graph_2d.cc:400] ComputeConstraintsForNode: ComputeConstraint for Node (num_scan_points = 533, average_scan_range = 22.749, median_scan_range = 21.7075)
[tf2_beacons_listener.py-9] [INFO] [1757399543.909916871] [tf2_beacons_listener]: sampling data count = 126
[cartographer_node-2] [INFO] [1757399544.060400937] [cartographer logger]: I0909 06:32:24.000000   125 pose_graph_2d.cc:400] ComputeConstraintsForNode: ComputeConstraint for Node (num_scan_points = 540, average_scan_range = 22.981, median_scan_range = 22.0431)
[cartographer_node-2] [INFO] [1757399544.294198372] [cartographer logger]: I0909 06:32:24.000000   124 pose_graph_2d.cc:400] ComputeConstraintsForNode: ComputeConstraint for Node (num_scan_points = 535, average_scan_range = 22.8698, median_scan_range = 22.2182)
[cartographer_node-2] [INFO] [1757399544.870614519] [cartographer logger]: I0909 06:32:24.000000   121 pose_graph_2d.cc:400] ComputeConstraintsForNode: ComputeConstraint for Node (num_scan_points = 575, average_scan_range = 22.3838, median_scan_range = 20.8381)
[tf2_beacons_listener.py-9] [INFO] [1757399544.909472809] [tf2_beacons_listener]: sampling data count = 127
[cartographer_node-2] [INFO] [1757399545.564799397] [cartographer logger]: I0909 06:32:25.000000   125 pose_graph_2d.cc:400] ComputeConstraintsForNode: ComputeConstraint for Node (num_scan_points = 531, average_scan_range = 23.4538, median_scan_range = 21.4595)
[tracked_pose_listener.py-10] [INFO] [1757399545.565816513] [tracked_pose_listener]: tracked_pose messages received at 6.69 Hz (total count=  1020). current tracked_pose = [355.333, 'map', 0.9874116189284146, 17.294215890278366, 0.0, -0.0006564456985501708, 0.0013846506529322407, 0.7550140607048246, -0.6557068094504019]
[cartographer_node-2] [INFO] [1757399545.850252947] [cartographer logger]: I0909 06:32:25.000000   120 pose_graph_2d.cc:400] ComputeConstraintsForNode: ComputeConstraint for Node (num_scan_points = 521, average_scan_range = 23.5354, median_scan_range = 21.7614)
[tf2_beacons_listener.py-9] [INFO] [1757399545.909802581] [tf2_beacons_listener]: sampling data count = 128
[cartographer_node-2] [INFO] [1757399546.172512908] [cartographer logger]: I0909 06:32:26.000000   125 pose_graph_2d.cc:400] ComputeConstraintsForNode: ComputeConstraint for Node (num_scan_points = 511, average_scan_range = 23.4945, median_scan_range = 21.9111)
[cartographer_node-2] [INFO] [1757399546.358803829] [cartographer logger]: I0909 06:32:26.000000   120 pose_graph_2d.cc:400] ComputeConstraintsForNode: ComputeConstraint for Node (num_scan_points = 521, average_scan_range = 23.4003, median_scan_range = 21.7431)
[cartographer_node-2] [INFO] [1757399546.608613164] [cartographer logger]: I0909 06:32:26.000000   123 pose_graph_2d.cc:400] ComputeConstraintsForNode: ComputeConstraint for Node (num_scan_points = 508, average_scan_range = 23.4255, median_scan_range = 21.8916)
[cartographer_node-2] [INFO] [1757399546.644313969] [cartographer logger]: I0909 06:32:26.000000    73 collated_trajectory_builder.cc:81] imu rate: 87.32 Hz 1.15e-02 s +/- 4.15e-03 s (pulsed at 101.27% real time)
[cartographer_node-2] [INFO] [1757399546.644366033] [cartographer logger]: I0909 06:32:26.000000    73 collated_trajectory_builder.cc:81] points2 rate: 7.98 Hz 1.25e-01 s +/- 8.06e-02 s (pulsed at 99.92% real time)
[cartographer_node-2] [INFO] [1757399546.908246056] [cartographer logger]: I0909 06:32:26.000000   119 pose_graph_2d.cc:400] ComputeConstraintsForNode: ComputeConstraint for Node (num_scan_points = 519, average_scan_range = 23.4697, median_scan_range = 22.2509)
[tf2_beacons_listener.py-9] [INFO] [1757399546.909775397] [tf2_beacons_listener]: sampling data count = 129
[cartographer_node-2] [INFO] [1757399547.159732541] [cartographer logger]: I0909 06:32:27.000000   122 pose_graph_2d.cc:400] ComputeConstraintsForNode: ComputeConstraint for Node (num_scan_points = 527, average_scan_range = 23.4888, median_scan_range = 22.4599)
[cartographer_node-2] [INFO] [1757399547.370827056] [cartographer logger]: I0909 06:32:27.000000   119 pose_graph_2d.cc:400] ComputeConstraintsForNode: ComputeConstraint for Node (num_scan_points = 524, average_scan_range = 23.4772, median_scan_range = 22.2387)
[cartographer_node-2] [INFO] [1757399547.561007939] [cartographer logger]: I0909 06:32:27.000000   121 pose_graph_2d.cc:400] ComputeConstraintsForNode: ComputeConstraint for Node (num_scan_points = 509, average_scan_range = 23.5126, median_scan_range = 22.0103)
[cartographer_node-2] [INFO] [1757399547.760487032] [cartographer logger]: I0909 06:32:27.000000   125 pose_graph_2d.cc:400] ComputeConstraintsForNode: ComputeConstraint for Node (num_scan_points = 513, average_scan_range = 23.5433, median_scan_range = 21.7534)
[tf2_beacons_listener.py-9] [INFO] [1757399547.899840890] [tf2_beacons_listener]: sampling data count = 130
[cartographer_node-2] [INFO] [1757399547.961283341] [cartographer logger]: I0909 06:32:27.000000   120 pose_graph_2d.cc:400] ComputeConstraintsForNode: ComputeConstraint for Node (num_scan_points = 521, average_scan_range = 23.4955, median_scan_range = 21.7161)
[cartographer_node-2] [INFO] [1757399548.387825972] [cartographer logger]: I0909 06:32:28.000000   122 pose_graph_2d.cc:400] ComputeConstraintsForNode: ComputeConstraint for Node (num_scan_points = 549, average_scan_range = 23.0689, median_scan_range = 21.2261)
[cartographer_node-2] [INFO] [1757399548.650420643] [cartographer logger]: I0909 06:32:28.000000   124 pose_graph_2d.cc:400] ComputeConstraintsForNode: ComputeConstraint for Node (num_scan_points = 539, average_scan_range = 23.2676, median_scan_range = 21.5612)
[tf2_beacons_listener.py-9] [INFO] [1757399548.910542280] [tf2_beacons_listener]: sampling data count = 131
[cartographer_node-2] [INFO] [1757399548.951874232] [cartographer logger]: I0909 06:32:28.000000   123 pose_graph_2d.cc:400] ComputeConstraintsForNode: ComputeConstraint for Node (num_scan_points = 512, average_scan_range = 23.5364, median_scan_range = 22.1063)
[cartographer_node-2] [INFO] [1757399549.255308618] [cartographer logger]: I0909 06:32:29.000000   124 pose_graph_2d.cc:400] ComputeConstraintsForNode: ComputeConstraint for Node (num_scan_points = 515, average_scan_range = 23.5682, median_scan_range = 22.4695)
[cartographer_node-2] [INFO] [1757399549.468305445] [cartographer logger]: I0909 06:32:29.000000   119 pose_graph_2d.cc:400] ComputeConstraintsForNode: ComputeConstraint for Node (num_scan_points = 520, average_scan_range = 23.6603, median_scan_range = 22.5998)
[cartographer_node-2] [INFO] [1757399549.749041419] [cartographer logger]: I0909 06:32:29.000000   121 pose_graph_2d.cc:400] ComputeConstraintsForNode: ComputeConstraint for Node (num_scan_points = 510, average_scan_range = 23.6843, median_scan_range = 22.5329)
[tf2_beacons_listener.py-9] [INFO] [1757399549.909654057] [tf2_beacons_listener]: sampling data count = 132
[cartographer_node-2] [INFO] [1757399550.004894224] [cartographer logger]: I0909 06:32:30.000000   125 pose_graph_2d.cc:400] ComputeConstraintsForNode: ComputeConstraint for Node (num_scan_points = 516, average_scan_range = 23.6447, median_scan_range = 22.4734)
[cartographer_node-2] [INFO] [1757399550.189378795] [cartographer logger]: I0909 06:32:30.000000   120 pose_graph_2d.cc:400] ComputeConstraintsForNode: ComputeConstraint for Node (num_scan_points = 522, average_scan_range = 23.557, median_scan_range = 22.2507)
[cartographer_node-2] [INFO] [1757399550.448503059] [cartographer logger]: I0909 06:32:30.000000   123 pose_graph_2d.cc:400] ComputeConstraintsForNode: ComputeConstraint for Node (num_scan_points = 531, average_scan_range = 23.5965, median_scan_range = 22.0697)
[cartographer_node-2] [INFO] [1757399550.670313967] [cartographer logger]: I0909 06:32:30.000000   124 pose_graph_2d.cc:400] ComputeConstraintsForNode: ComputeConstraint for Node (num_scan_points = 538, average_scan_range = 23.4582, median_scan_range = 21.9129)
[cartographer_node-2] [INFO] [1757399550.897060197] [cartographer logger]: I0909 06:32:30.000000   121 pose_graph_2d.cc:400] ComputeConstraintsForNode: ComputeConstraint for Node (num_scan_points = 529, average_scan_range = 23.4051, median_scan_range = 21.6505)
[tf2_beacons_listener.py-9] [INFO] [1757399550.909494855] [tf2_beacons_listener]: sampling data count = 133
[tf2_beacons_listener.py-9] [INFO] [1757399550.969272960] [tf2_beacons_listener]: TrajectoryRecorder.timer_callback called
[tf2_beacons_listener.py-9] [INFO] [1757399550.990854974] [tf2_beacons_listener]: TrajectoryRecorder.call_trajectory_query.done_callback called.
[tf2_beacons_listener.py-9] [INFO] [1757399550.991232502] [tf2_beacons_listener]: status=cartographer_ros_msgs.msg.StatusResponse(code=0, message='Retrieved 595 trajectory nodes from trajectory 0.')
[cartographer_node-2] [INFO] [1757399551.060829588] [cartographer logger]: I0909 06:32:31.000000   125 pose_graph_2d.cc:400] ComputeConstraintsForNode: ComputeConstraint for Node (num_scan_points = 546, average_scan_range = 23.3882, median_scan_range = 21.6609)
[cartographer_node-2] [INFO] [1757399551.363457335] [cartographer logger]: I0909 06:32:31.000000   120 pose_graph_2d.cc:400] ComputeConstraintsForNode: ComputeConstraint for Node (num_scan_points = 540, average_scan_range = 23.5534, median_scan_range = 21.4344)
[cartographer_node-2] [INFO] [1757399551.550692713] [cartographer logger]: I0909 06:32:31.000000   123 pose_graph_2d.cc:400] ComputeConstraintsForNode: ComputeConstraint for Node (num_scan_points = 562, average_scan_range = 23.2818, median_scan_range = 21.3032)
[tf2_beacons_listener.py-9] [INFO] [1757399551.899692615] [tf2_beacons_listener]: sampling data count = 134
[cartographer_node-2] [INFO] [1757399552.051186451] [cartographer logger]: I0909 06:32:32.000000   119 pose_graph_2d.cc:400] ComputeConstraintsForNode: ComputeConstraint for Node (num_scan_points = 588, average_scan_range = 22.7516, median_scan_range = 20.589)
[cartographer_node-2] [INFO] [1757399552.260215438] [cartographer logger]: I0909 06:32:32.000000   123 pose_graph_2d.cc:400] ComputeConstraintsForNode: ComputeConstraint for Node (num_scan_points = 558, average_scan_range = 22.7244, median_scan_range = 20.5292)
[cartographer_node-2] [INFO] [1757399552.570562000] [cartographer logger]: I0909 06:32:32.000000   119 pose_graph_2d.cc:400] ComputeConstraintsForNode: ComputeConstraint for Node (num_scan_points = 573, average_scan_range = 22.9545, median_scan_range = 20.328)
[cartographer_node-2] [INFO] [1757399552.882545241] [cartographer logger]: I0909 06:32:32.000000   120 pose_graph_2d.cc:400] ComputeConstraintsForNode: ComputeConstraint for Node (num_scan_points = 561, average_scan_range = 23.3549, median_scan_range = 20.2765)
[tf2_beacons_listener.py-9] [INFO] [1757399552.899930544] [tf2_beacons_listener]: sampling data count = 135
[cartographer_node-2] [INFO] [1757399553.060803404] [cartographer logger]: I0909 06:32:33.000000   122 pose_graph_2d.cc:400] ComputeConstraintsForNode: ComputeConstraint for Node (num_scan_points = 559, average_scan_range = 23.5317, median_scan_range = 20.414)
[cartographer_node-2] [INFO] [1757399553.572961649] [cartographer logger]: I0909 06:32:33.000000   124 pose_graph_2d.cc:400] ComputeConstraintsForNode: ComputeConstraint for Node (num_scan_points = 565, average_scan_range = 23.1857, median_scan_range = 19.8781)
[tf2_beacons_listener.py-9] [INFO] [1757399553.899615203] [tf2_beacons_listener]: sampling data count = 136
[cartographer_node-2] [INFO] [1757399553.900352767] [cartographer logger]: I0909 06:32:33.000000   123 pose_graph_2d.cc:400] ComputeConstraintsForNode: ComputeConstraint for Node (num_scan_points = 578, average_scan_range = 22.9493, median_scan_range = 19.7485)
[cartographer_node-2] [INFO] [1757399554.551896862] [cartographer logger]: I0909 06:32:34.000000   125 pose_graph_2d.cc:400] ComputeConstraintsForNode: ComputeConstraint for Node (num_scan_points = 577, average_scan_range = 23.0069, median_scan_range = 19.3272)
[cartographer_node-2] [INFO] [1757399554.862269725] [cartographer logger]: I0909 06:32:34.000000   120 pose_graph_2d.cc:400] ComputeConstraintsForNode: ComputeConstraint for Node (num_scan_points = 603, average_scan_range = 22.7781, median_scan_range = 18.9089)
[tf2_beacons_listener.py-9] [INFO] [1757399554.909745645] [tf2_beacons_listener]: sampling data count = 137
[cartographer_node-2] [INFO] [1757399555.061932025] [cartographer logger]: I0909 06:32:35.000000   122 pose_graph_2d.cc:400] ComputeConstraintsForNode: ComputeConstraint for Node (num_scan_points = 577, average_scan_range = 22.9991, median_scan_range = 19.2477)
[cartographer_node-2] [INFO] [1757399555.278896684] [cartographer logger]: I0909 06:32:35.000000   119 pose_graph_2d.cc:400] ComputeConstraintsForNode: ComputeConstraint for Node (num_scan_points = 586, average_scan_range = 22.9386, median_scan_range = 19.1767)
[cartographer_node-2] [INFO] [1757399555.539062327] [cartographer logger]: I0909 06:32:35.000000   122 pose_graph_2d.cc:400] ComputeConstraintsForNode: ComputeConstraint for Node (num_scan_points = 580, average_scan_range = 23.0523, median_scan_range = 19.0949)
[tracked_pose_listener.py-10] [INFO] [1757399555.667022918] [tracked_pose_listener]: tracked_pose messages received at 6.70 Hz (total count=  1089). current tracked_pose = [365.443, 'map', -0.30765649102996817, 6.533769922880395, 0.0, -0.0005768309814827675, 0.0003930034960281201, 0.7404848614637066, -0.672072676693039]
[cartographer_node-2] [INFO] [1757399555.760650416] [cartographer logger]: I0909 06:32:35.000000   119 pose_graph_2d.cc:400] ComputeConstraintsForNode: ComputeConstraint for Node (num_scan_points = 587, average_scan_range = 22.9875, median_scan_range = 18.8082)
[cartographer_node-2] [INFO] [1757399555.962617319] [cartographer logger]: I0909 06:32:35.000000   123 pose_graph_2d.cc:400] ComputeConstraintsForNode: ComputeConstraint for Node (num_scan_points = 574, average_scan_range = 23.1889, median_scan_range = 19.1032)
[tf2_beacons_listener.py-9] [INFO] [1757399556.094749470] [tf2_beacons_listener]: dummy fingerprint data created at t=365.917929913, x=-0.34405145242238233, y=6.129660997241588
[cartographer_node-2] [INFO] [1757399556.182703191] [cartographer logger]: I0909 06:32:36.000000   124 pose_graph_2d.cc:400] ComputeConstraintsForNode: ComputeConstraint for Node (num_scan_points = 591, average_scan_range = 23.3797, median_scan_range = 19.2798)
[cartographer_node-2] [INFO] [1757399556.371782824] [cartographer logger]: I0909 06:32:36.000000   121 pose_graph_2d.cc:400] ComputeConstraintsForNode: ComputeConstraint for Node (num_scan_points = 597, average_scan_range = 23.1594, median_scan_range = 19.5295)
[cartographer_node-2] [INFO] [1757399556.561236030] [cartographer logger]: I0909 06:32:36.000000   123 pose_graph_2d.cc:400] ComputeConstraintsForNode: ComputeConstraint for Node (num_scan_points = 604, average_scan_range = 23.0699, median_scan_range = 18.9326)
[cartographer_node-2] [INFO] [1757399556.760230307] [cartographer logger]: I0909 06:32:36.000000   124 pose_graph_2d.cc:400] ComputeConstraintsForNode: ComputeConstraint for Node (num_scan_points = 638, average_scan_range = 22.3015, median_scan_range = 18.0924)
[tf2_beacons_listener.py-9] [INFO] [1757399556.910081401] [tf2_beacons_listener]: sampling data count = 138
[cartographer_node-2] [INFO] [1757399556.953124609] [cartographer logger]: I0909 06:32:36.000000   123 pose_graph_2d.cc:400] ComputeConstraintsForNode: ComputeConstraint for Node (num_scan_points = 602, average_scan_range = 22.5535, median_scan_range = 18.3558)
[cartographer_node-2] [WARN] [1757399556.954245816] [cartographer logger]: W0909 06:32:36.000000    73 sensor_bridge.cpp:311] Ignored Rangefinder message from sensor points2 because sensor time 621355971666230000 is not before last Rangefinder message time 621355971667230000
[cartographer_node-2] [INFO] [1757399557.201754734] [cartographer logger]: I0909 06:32:37.000000   124 pose_graph_2d.cc:400] ComputeConstraintsForNode: ComputeConstraint for Node (num_scan_points = 625, average_scan_range = 22.2778, median_scan_range = 17.7591)
[cartographer_node-2] [INFO] [1757399557.389965025] [cartographer logger]: I0909 06:32:37.000000   125 constraint_builder_2d.cc:282] Node (0, 617) with 625 points on submap (0, 0) differs by translation 0.04 rotation 0.001 with score 73.8%.
[cartographer_node-2] [INFO] [1757399557.491288872] [cartographer logger]: I0909 06:32:37.000000   122 pose_graph_2d.cc:400] ComputeConstraintsForNode: ComputeConstraint for Node (num_scan_points = 596, average_scan_range = 23.2642, median_scan_range = 19.0986)
[cartographer_node-2] [INFO] [1757399557.669865298] [cartographer logger]: I0909 06:32:37.000000   125 pose_graph_2d.cc:400] ComputeConstraintsForNode: ComputeConstraint for Node (num_scan_points = 595, average_scan_range = 22.7654, median_scan_range = 18.6491)
[cartographer_node-2] [INFO] [1757399557.896394849] [cartographer logger]: I0909 06:32:37.000000   120 pose_graph_2d.cc:400] ComputeConstraintsForNode: ComputeConstraint for Node (num_scan_points = 567, average_scan_range = 23.1818, median_scan_range = 19.3302)
[tf2_beacons_listener.py-9] [INFO] [1757399557.909782926] [tf2_beacons_listener]: sampling data count = 139
[cartographer_node-2] [INFO] [1757399558.160847241] [cartographer logger]: I0909 06:32:38.000000   122 pose_graph_2d.cc:400] ComputeConstraintsForNode: ComputeConstraint for Node (num_scan_points = 600, average_scan_range = 22.6988, median_scan_range = 18.5036)
[cartographer_node-2] [INFO] [1757399558.358183630] [cartographer logger]: I0909 06:32:38.000000   119 pose_graph_2d.cc:400] ComputeConstraintsForNode: ComputeConstraint for Node (num_scan_points = 571, average_scan_range = 23.0304, median_scan_range = 18.9723)
[cartographer_node-2] [INFO] [1757399558.767891177] [cartographer logger]: I0909 06:32:38.000000   121 pose_graph_2d.cc:400] ComputeConstraintsForNode: ComputeConstraint for Node (num_scan_points = 576, average_scan_range = 22.9134, median_scan_range = 19.0397)
[tf2_beacons_listener.py-9] [INFO] [1757399558.909632649] [tf2_beacons_listener]: sampling data count = 140
[cartographer_node-2] [INFO] [1757399558.989345893] [cartographer logger]: I0909 06:32:38.000000   124 pose_graph_2d.cc:400] ComputeConstraintsForNode: ComputeConstraint for Node (num_scan_points = 587, average_scan_range = 23.2372, median_scan_range = 19.2761)
[cartographer_node-2] [INFO] [1757399559.461849931] [cartographer logger]: I0909 06:32:39.000000   125 pose_graph_2d.cc:400] ComputeConstraintsForNode: ComputeConstraint for Node (num_scan_points = 564, average_scan_range = 23.0263, median_scan_range = 19.2481)
[tf2_beacons_listener.py-9] [INFO] [1757399559.910011382] [tf2_beacons_listener]: sampling data count = 141
[cartographer_node-2] [INFO] [1757399559.969051266] [cartographer logger]: I0909 06:32:39.000000   122 pose_graph_2d.cc:400] ComputeConstraintsForNode: ComputeConstraint for Node (num_scan_points = 573, average_scan_range = 22.8727, median_scan_range = 19.0321)
[cartographer_node-2] [INFO] [1757399560.558313896] [cartographer logger]: I0909 06:32:40.000000   119 pose_graph_2d.cc:400] ComputeConstraintsForNode: ComputeConstraint for Node (num_scan_points = 566, average_scan_range = 23.0882, median_scan_range = 19.5837)
[tf2_beacons_listener.py-9] [INFO] [1757399560.909610127] [tf2_beacons_listener]: sampling data count = 142
[tf2_beacons_listener.py-9] [INFO] [1757399560.970197517] [tf2_beacons_listener]: TrajectoryRecorder.timer_callback called
[tf2_beacons_listener.py-9] [INFO] [1757399561.003026148] [tf2_beacons_listener]: TrajectoryRecorder.call_trajectory_query.done_callback called.
[tf2_beacons_listener.py-9] [INFO] [1757399561.003679731] [tf2_beacons_listener]: status=cartographer_ros_msgs.msg.StatusResponse(code=0, message='Retrieved 628 trajectory nodes from trajectory 0.')
[cartographer_node-2] [INFO] [1757399561.058565124] [cartographer logger]: I0909 06:32:41.000000   121 pose_graph_2d.cc:400] ComputeConstraintsForNode: ComputeConstraint for Node (num_scan_points = 622, average_scan_range = 22.4438, median_scan_range = 19.1768)
[cartographer_node-2] [INFO] [1757399561.176061037] [cartographer logger]: I0909 06:32:41.000000   124 pose_graph_2d.cc:400] ComputeConstraintsForNode: ComputeConstraint for Node (num_scan_points = 546, average_scan_range = 23.0553, median_scan_range = 19.3956)
[cartographer_node-2] [INFO] [1757399561.275466531] [cartographer logger]: I0909 06:32:41.000000    73 pose_graph_2d.cc:149] Inserted submap (0, 7).
[cartographer_node-2] [INFO] [1757399561.275640212] [cartographer logger]: I0909 06:32:41.000000   121 pose_graph_2d.cc:400] ComputeConstraintsForNode: ComputeConstraint for Node (num_scan_points = 563, average_scan_range = 23.8229, median_scan_range = 20.0494)
[cartographer_node-2] [INFO] [1757399561.363109200] [cartographer logger]: I0909 06:32:41.000000   123 constraint_builder_2d.cc:282] Node (0, 434) with 590 points on submap (0, 5) differs by translation 0.02 rotation 0.001 with score 72.2%.
[cartographer_node-2] [INFO] [1757399561.456674952] [cartographer logger]: I0909 06:32:41.000000   119 pose_graph_2d.cc:400] ComputeConstraintsForNode: ComputeConstraint for Node (num_scan_points = 557, average_scan_range = 22.8404, median_scan_range = 19.2345)
[cartographer_node-2] [INFO] [1757399561.568309520] [cartographer logger]: I0909 06:32:41.000000   121 pose_graph_2d.cc:400] ComputeConstraintsForNode: ComputeConstraint for Node (num_scan_points = 552, average_scan_range = 22.8202, median_scan_range = 19.2845)
[cartographer_node-2] [INFO] [1757399561.650639101] [cartographer logger]: I0909 06:32:41.000000    73 collated_trajectory_builder.cc:81] imu rate: 87.25 Hz 1.15e-02 s +/- 4.12e-03 s (pulsed at 99.80% real time)
[cartographer_node-2] [INFO] [1757399561.650664278] [cartographer logger]: I0909 06:32:41.000000    73 collated_trajectory_builder.cc:81] points2 rate: 7.08 Hz 1.41e-01 s +/- 1.01e-01 s (pulsed at 100.09% real time)
[cartographer_node-2] [INFO] [1757399561.747434360] [cartographer logger]: I0909 06:32:41.000000   119 pose_graph_2d.cc:400] ComputeConstraintsForNode: ComputeConstraint for Node (num_scan_points = 560, average_scan_range = 22.5039, median_scan_range = 18.8202)
[cartographer_node-2] [INFO] [1757399561.868547956] [cartographer logger]: I0909 06:32:41.000000   121 pose_graph_2d.cc:400] ComputeConstraintsForNode: ComputeConstraint for Node (num_scan_points = 565, average_scan_range = 22.3819, median_scan_range = 18.5877)
[tf2_beacons_listener.py-9] [INFO] [1757399561.910078352] [tf2_beacons_listener]: sampling data count = 143
[cartographer_node-2] [INFO] [1757399562.056319906] [cartographer logger]: I0909 06:32:42.000000   119 pose_graph_2d.cc:400] ComputeConstraintsForNode: ComputeConstraint for Node (num_scan_points = 564, average_scan_range = 21.9724, median_scan_range = 18.1807)
[cartographer_node-2] [INFO] [1757399562.149059979] [cartographer logger]: I0909 06:32:42.000000   121 pose_graph_2d.cc:400] ComputeConstraintsForNode: ComputeConstraint for Node (num_scan_points = 659, average_scan_range = 21.2181, median_scan_range = 16.9517)
[cartographer_node-2] [INFO] [1757399562.462170648] [cartographer logger]: I0909 06:32:42.000000   125 pose_graph_2d.cc:400] ComputeConstraintsForNode: ComputeConstraint for Node (num_scan_points = 570, average_scan_range = 20.2928, median_scan_range = 16.9121)
[cartographer_node-2] [INFO] [1757399562.462518240] [cartographer logger]: I0909 06:32:42.000000   125 pose_graph_2d.cc:574] Remaining work items in queue: 0
[cartographer_node-2] [INFO] [1757399562.462570313] [cartographer logger]: I0909 06:32:42.000000   125 constraint_builder_2d.cc:297] 2 computations resulted in 2 additional constraints.
[cartographer_node-2] [INFO] [1757399562.462625203] [cartographer logger]: I0909 06:32:42.000000   125 constraint_builder_2d.cc:299] Score histogram:
[cartographer_node-2] Count: 11  Min: 0.722033  Max: 0.858041  Mean: 0.815916
[cartographer_node-2] [0.722033, 0.735633)	                  ##	Count: 1 (9.09091%)	Total: 1 (9.09091%)
[cartographer_node-2] [0.735633, 0.749234)	                  ##	Count: 1 (9.09091%)	Total: 2 (18.1818%)
[cartographer_node-2] [0.749234, 0.762835)	                    	Count: 0 (0%)	Total: 2 (18.1818%)
[cartographer_node-2] [0.762835, 0.776436)	                    	Count: 0 (0%)	Total: 2 (18.1818%)
[cartographer_node-2] [0.776436, 0.790037)	                    	Count: 0 (0%)	Total: 2 (18.1818%)
[cartographer_node-2] [0.790037, 0.803638)	                  ##	Count: 1 (9.09091%)	Total: 3 (27.2727%)
[cartographer_node-2] [0.803638, 0.817239)	                  ##	Count: 1 (9.09091%)	Total: 4 (36.3636%)
[cartographer_node-2] [0.817239, 0.830840)	                ####	Count: 2 (18.1818%)	Total: 6 (54.5455%)
[cartographer_node-2] [0.830840, 0.844440)	                  ##	Count: 1 (9.09091%)	Total: 7 (63.6364%)
[cartographer_node-2] [0.844440, 0.858041]	             #######	Count: 4 (36.3636%)	Total: 11 (100%)
[cartographer_node-2] [INFO] [1757399562.743768801] [cartographer logger]: I0909 06:32:42.000000   121 pose_graph_2d.cc:400] ComputeConstraintsForNode: ComputeConstraint for Node (num_scan_points = 540, average_scan_range = 20.1876, median_scan_range = 16.843)
[tf2_beacons_listener.py-9] [INFO] [1757399562.909669875] [tf2_beacons_listener]: sampling data count = 144
[tf2_beacons_listener.py-9] [INFO] [1757399563.900141037] [tf2_beacons_listener]: sampling data count = 145
[INFO] [ros2-8]: process has finished cleanly [pid 85]
[INFO] [launch.user]: ros2 bag play is completed
[INFO] [tracked_pose_listener.py-10]: sending signal 'SIGINT' to process[tracked_pose_listener.py-10]
[INFO] [tf2_beacons_listener.py-9]: sending signal 'SIGINT' to process[tf2_beacons_listener.py-9]
[INFO] [ublox_converter.py-7]: sending signal 'SIGINT' to process[ublox_converter.py-7]
[INFO] [fix_filter.py-6]: sending signal 'SIGINT' to process[fix_filter.py-6]
[INFO] [rviz2-5]: sending signal 'SIGINT' to process[rviz2-5]
[INFO] [cartographer_occupancy_grid_node-4]: sending signal 'SIGINT' to process[cartographer_occupancy_grid_node-4]
[INFO] [trajectory_restarter.py-3]: sending signal 'SIGINT' to process[trajectory_restarter.py-3]
[INFO] [cartographer_node-2]: sending signal 'SIGINT' to process[cartographer_node-2]
[INFO] [robot_state_publisher-1]: sending signal 'SIGINT' to process[robot_state_publisher-1]
[tracked_pose_listener.py-10] Traceback (most recent call last):
[tracked_pose_listener.py-10]   File "/home/developer/mapping_ws/install/mf_localization/lib/mf_localization/tracked_pose_listener.py", line 77, in main
[tracked_pose_listener.py-10]     rclpy.spin(node)
[tracked_pose_listener.py-10]   File "/opt/ros/humble/local/lib/python3.10/dist-packages/rclpy/__init__.py", line 229, in spin
[tracked_pose_listener.py-10]     executor.spin_once()
[tracked_pose_listener.py-10]   File "/opt/ros/humble/local/lib/python3.10/dist-packages/rclpy/executors.py", line 751, in spin_once
[tracked_pose_listener.py-10]     self._spin_once_impl(timeout_sec)
[tracked_pose_listener.py-10]   File "/opt/ros/humble/local/lib/python3.10/dist-packages/rclpy/executors.py", line 740, in _spin_once_impl
[tracked_pose_listener.py-10]     handler, entity, node = self.wait_for_ready_callbacks(timeout_sec=timeout_sec)
[tracked_pose_listener.py-10]   File "/opt/ros/humble/local/lib/python3.10/dist-packages/rclpy/executors.py", line 723, in wait_for_ready_callbacks
[tracked_pose_listener.py-10]     return next(self._cb_iter)
[tracked_pose_listener.py-10]   File "/opt/ros/humble/local/lib/python3.10/dist-packages/rclpy/executors.py", line 620, in _wait_for_ready_callbacks
[tracked_pose_listener.py-10]     wait_set.wait(timeout_nsec)
[tracked_pose_listener.py-10] KeyboardInterrupt
[tf2_beacons_listener.py-9] [INFO] [1757399564.364635386] [tf2_beacons_listener]: caught KeyboardInterrupt
[tf2_beacons_listener.py-9] Failed to publish log message to rosout: publisher's context is invalid, at ./src/rcl/publisher.c:389
[tf2_beacons_listener.py-9] [INFO] [1757399564.364884049] [tf2_beacons_listener]: TrajectoryRecorder.on_shutdown
[tf2_beacons_listener.py-9] Failed to publish log message to rosout: publisher's context is invalid, at ./src/rcl/publisher.c:389
[tf2_beacons_listener.py-9] [INFO] [1757399564.365084405] [tf2_beacons_listener]: writing to output
[tf2_beacons_listener.py-9] Failed to publish log message to rosout: publisher's context is invalid, at ./src/rcl/publisher.c:389
[fix_filter.py-6] Traceback (most recent call last):
[fix_filter.py-6]   File "/home/developer/mapping_ws/install/mf_localization/lib/mf_localization/fix_filter.py", line 83, in <module>
[fix_filter.py-6]     main()
[fix_filter.py-6]   File "/home/developer/mapping_ws/install/mf_localization/lib/mf_localization/fix_filter.py", line 79, in main
[fix_filter.py-6]     rclpy.spin(node)
[fix_filter.py-6]   File "/opt/ros/humble/local/lib/python3.10/dist-packages/rclpy/__init__.py", line 229, in spin
[fix_filter.py-6]     executor.spin_once()
[fix_filter.py-6]   File "/opt/ros/humble/local/lib/python3.10/dist-packages/rclpy/executors.py", line 751, in spin_once
[fix_filter.py-6]     self._spin_once_impl(timeout_sec)
[fix_filter.py-6]   File "/opt/ros/humble/local/lib/python3.10/dist-packages/rclpy/executors.py", line 740, in _spin_once_impl
[fix_filter.py-6]     handler, entity, node = self.wait_for_ready_callbacks(timeout_sec=timeout_sec)
[fix_filter.py-6]   File "/opt/ros/humble/local/lib/python3.10/dist-packages/rclpy/executors.py", line 723, in wait_for_ready_callbacks
[fix_filter.py-6]     return next(self._cb_iter)
[fix_filter.py-6]   File "/opt/ros/humble/local/lib/python3.10/dist-packages/rclpy/executors.py", line 620, in _wait_for_ready_callbacks
[fix_filter.py-6]     wait_set.wait(timeout_nsec)
[fix_filter.py-6] KeyboardInterrupt
[rviz2-5] [INFO] [1757399564.367548193] [rclcpp]: signal_handler(signum=2)
[cartographer_occupancy_grid_node-4] [INFO] [1757399564.369118533] [rclcpp]: signal_handler(signum=2)
[tf2_beacons_listener.py-9] [INFO] [1757399564.369738870] [tf2_beacons_listener]: output fingerprint data before exiting
[tf2_beacons_listener.py-9] Failed to publish log message to rosout: publisher's context is invalid, at ./src/rcl/publisher.c:389
[cartographer_node-2] [INFO] [1757399564.371378368] [rclcpp]: signal_handler(signum=2)
[robot_state_publisher-1] [INFO] [1757399564.372413703] [rclcpp]: signal_handler(signum=2)
[cartographer_node-2] [INFO] [1757399564.372819449] [cartographer logger]: I0909 06:32:44.000000    73 node.cpp:577] Shutdown the subscriber of [points2]
[cartographer_node-2] [INFO] [1757399564.373954502] [cartographer logger]: I0909 06:32:44.000000    73 node.cpp:577] Shutdown the subscriber of [imu]
[cartographer_node-2] [INFO] [1757399564.373969558] [cartographer logger]: I0909 06:32:44.000000    73 map_builder_bridge.cpp:167] Finishing trajectory with ID '0'...
[cartographer_node-2] [INFO] [1757399564.374021407] [cartographer logger]: I0909 06:32:44.000000    73 pose_graph_2d.cc:698] Remaining work items in queue on FinishTrajectory: 19 (trajectory_ID: 0)
[cartographer_node-2] [WARN] [1757399564.374082632] [cartographer logger]: W0909 06:32:44.000000    73 node.cpp:781] Can't run final optimization if there are one or more active trajectories. Trying to finish trajectory with ID 0 now.
[cartographer_node-2] [INFO] [1757399564.374090383] [cartographer logger]: I0909 06:32:44.000000    73 node.cpp:559] Trajectory 0 already pending to finish.
[cartographer_node-2] [INFO] [1757399564.374096128] [cartographer logger]: I0909 06:32:44.000000    73 map_builder_bridge.cpp:176] Running final trajectory optimization...
[cartographer_node-2] [INFO] [1757399564.374122783] [cartographer logger]: I0909 06:32:44.000000   124 pose_graph_2d.cc:574] Remaining work items in queue: 0
[cartographer_node-2] [INFO] [1757399564.374139736] [cartographer logger]: I0909 06:32:44.000000   124 constraint_builder_2d.cc:297] 0 computations resulted in 0 additional constraints.
[cartographer_node-2] [INFO] [1757399564.374164167] [cartographer logger]: I0909 06:32:44.000000   124 constraint_builder_2d.cc:299] Score histogram:
[cartographer_node-2] Count: 11  Min: 0.722033  Max: 0.858041  Mean: 0.815916
[cartographer_node-2] [0.722033, 0.735633)	                  ##	Count: 1 (9.09091%)	Total: 1 (9.09091%)
[cartographer_node-2] [0.735633, 0.749234)	                  ##	Count: 1 (9.09091%)	Total: 2 (18.1818%)
[cartographer_node-2] [0.749234, 0.762835)	                    	Count: 0 (0%)	Total: 2 (18.1818%)
[cartographer_node-2] [0.762835, 0.776436)	                    	Count: 0 (0%)	Total: 2 (18.1818%)
[cartographer_node-2] [0.776436, 0.790037)	                    	Count: 0 (0%)	Total: 2 (18.1818%)
[cartographer_node-2] [0.790037, 0.803638)	                  ##	Count: 1 (9.09091%)	Total: 3 (27.2727%)
[cartographer_node-2] [0.803638, 0.817239)	                  ##	Count: 1 (9.09091%)	Total: 4 (36.3636%)
[cartographer_node-2] [0.817239, 0.830840)	                ####	Count: 2 (18.1818%)	Total: 6 (54.5455%)
[cartographer_node-2] [0.830840, 0.844440)	                  ##	Count: 1 (9.09091%)	Total: 7 (63.6364%)
[cartographer_node-2] [0.844440, 0.858041]	             #######	Count: 4 (36.3636%)	Total: 11 (100%)
[cartographer_node-2] [INFO] [1757399564.380032264] [cartographer logger]: I0909 06:32:44.000000   124 pose_graph_2d.cc:574] Remaining work items in queue: 1
[cartographer_node-2] [INFO] [1757399564.380057964] [cartographer logger]: I0909 06:32:44.000000   124 constraint_builder_2d.cc:297] 0 computations resulted in 0 additional constraints.
[cartographer_node-2] [INFO] [1757399564.380211422] [cartographer logger]: I0909 06:32:44.000000   124 constraint_builder_2d.cc:299] Score histogram:
[cartographer_node-2] Count: 11  Min: 0.722033  Max: 0.858041  Mean: 0.815916
[cartographer_node-2] [0.722033, 0.735633)	                  ##	Count: 1 (9.09091%)	Total: 1 (9.09091%)
[cartographer_node-2] [0.735633, 0.749234)	                  ##	Count: 1 (9.09091%)	Total: 2 (18.1818%)
[cartographer_node-2] [0.749234, 0.762835)	                    	Count: 0 (0%)	Total: 2 (18.1818%)
[cartographer_node-2] [0.762835, 0.776436)	                    	Count: 0 (0%)	Total: 2 (18.1818%)
[cartographer_node-2] [0.776436, 0.790037)	                    	Count: 0 (0%)	Total: 2 (18.1818%)
[cartographer_node-2] [0.790037, 0.803638)	                  ##	Count: 1 (9.09091%)	Total: 3 (27.2727%)
[cartographer_node-2] [0.803638, 0.817239)	                  ##	Count: 1 (9.09091%)	Total: 4 (36.3636%)
[cartographer_node-2] [0.817239, 0.830840)	                ####	Count: 2 (18.1818%)	Total: 6 (54.5455%)
[cartographer_node-2] [0.830840, 0.844440)	                  ##	Count: 1 (9.09091%)	Total: 7 (63.6364%)
[cartographer_node-2] [0.844440, 0.858041]	             #######	Count: 4 (36.3636%)	Total: 11 (100%)
[cartographer_node-2] [INFO] [1757399564.385479045] [cartographer logger]: I0909 06:32:44.000000   121 constraint_builder_2d.cc:297] 0 computations resulted in 0 additional constraints.
[cartographer_node-2] [INFO] [1757399564.385518380] [cartographer logger]: I0909 06:32:44.000000   121 constraint_builder_2d.cc:299] Score histogram:
[cartographer_node-2] Count: 11  Min: 0.722033  Max: 0.858041  Mean: 0.815916
[cartographer_node-2] [0.722033, 0.735633)	                  ##	Count: 1 (9.09091%)	Total: 1 (9.09091%)
[cartographer_node-2] [0.735633, 0.749234)	                  ##	Count: 1 (9.09091%)	Total: 2 (18.1818%)
[cartographer_node-2] [0.749234, 0.762835)	                    	Count: 0 (0%)	Total: 2 (18.1818%)
[cartographer_node-2] [0.762835, 0.776436)	                    	Count: 0 (0%)	Total: 2 (18.1818%)
[cartographer_node-2] [0.776436, 0.790037)	                    	Count: 0 (0%)	Total: 2 (18.1818%)
[cartographer_node-2] [0.790037, 0.803638)	                  ##	Count: 1 (9.09091%)	Total: 3 (27.2727%)
[cartographer_node-2] [0.803638, 0.817239)	                  ##	Count: 1 (9.09091%)	Total: 4 (36.3636%)
[cartographer_node-2] [0.817239, 0.830840)	                ####	Count: 2 (18.1818%)	Total: 6 (54.5455%)
[cartographer_node-2] [0.830840, 0.844440)	                  ##	Count: 1 (9.09091%)	Total: 7 (63.6364%)
[cartographer_node-2] [0.844440, 0.858041]	             #######	Count: 4 (36.3636%)	Total: 11 (100%)
[tf2_beacons_listener.py-9] [INFO] [1757399564.412967233] [tf2_beacons_listener]: Reconstructed fingerprint poses from trajectory data. #samples=166 -> #samples_converted=21
[tf2_beacons_listener.py-9] Failed to publish log message to rosout: publisher's context is invalid, at ./src/rcl/publisher.c:389
[INFO] [cartographer_occupancy_grid_node-4]: process has finished cleanly [pid 77]
[INFO] [robot_state_publisher-1]: process has finished cleanly [pid 71]
[INFO] [ublox_converter.py-7]: process has finished cleanly [pid 83]
[ERROR] [fix_filter.py-6]: process has died [pid 81, exit code -2, cmd '/home/developer/mapping_ws/install/mf_localization/lib/mf_localization/fix_filter.py --ros-args -r __node:=ublox_fix_filter -p use_sim_time:=True --params-file /tmp/launch_params_ehfehuec --params-file /tmp/launch_params_vyfscchg -r fix:=ublox/fix -r fix_filtered:=ublox/fix_filtered'].
[INFO] [trajectory_restarter.py-3]: process has finished cleanly [pid 75]
[INFO] [tracked_pose_listener.py-10]: process has finished cleanly [pid 89]
[INFO] [tf2_beacons_listener.py-9]: process has finished cleanly [pid 87]
[cartographer_node-2] [INFO] [1757399564.747498014] [cartographer logger]: I0909 06:32:44.000000   123 constraint_builder_2d.cc:297] 0 computations resulted in 0 additional constraints.
[cartographer_node-2] [INFO] [1757399564.747544666] [cartographer logger]: I0909 06:32:44.000000   123 constraint_builder_2d.cc:299] Score histogram:
[cartographer_node-2] Count: 11  Min: 0.722033  Max: 0.858041  Mean: 0.815916
[cartographer_node-2] [0.722033, 0.735633)	                  ##	Count: 1 (9.09091%)	Total: 1 (9.09091%)
[cartographer_node-2] [0.735633, 0.749234)	                  ##	Count: 1 (9.09091%)	Total: 2 (18.1818%)
[cartographer_node-2] [0.749234, 0.762835)	                    	Count: 0 (0%)	Total: 2 (18.1818%)
[cartographer_node-2] [0.762835, 0.776436)	                    	Count: 0 (0%)	Total: 2 (18.1818%)
[cartographer_node-2] [0.776436, 0.790037)	                    	Count: 0 (0%)	Total: 2 (18.1818%)
[cartographer_node-2] [0.790037, 0.803638)	                  ##	Count: 1 (9.09091%)	Total: 3 (27.2727%)
[cartographer_node-2] [0.803638, 0.817239)	                  ##	Count: 1 (9.09091%)	Total: 4 (36.3636%)
[cartographer_node-2] [0.817239, 0.830840)	                ####	Count: 2 (18.1818%)	Total: 6 (54.5455%)
[cartographer_node-2] [0.830840, 0.844440)	                  ##	Count: 1 (9.09091%)	Total: 7 (63.6364%)
[cartographer_node-2] [0.844440, 0.858041]	             #######	Count: 4 (36.3636%)	Total: 11 (100%)
[INFO] [rviz2-5]: process has finished cleanly [pid 79]
[INFO] [cartographer_node-2]: process has finished cleanly [pid 73]
